area,perimeter,aspect_ratio,edge_density,entropy,class
1297.0,219.11,4.364,0.1642,0.033,Discoloration
252.5,63.41,1.125,0.2495,0.008,Discoloration
286.0,66.83,1.118,0.2378,0.009,Discoloration
1198.5,193.36,5.176,0.1619,0.031,Shelling
783.0,259.94,8.267,0.3218,0.023,Cracks-Scratches
1200.0,186.63,0.22,0.1542,0.031,Shelling
1675.0,247.6,0.241,0.1427,0.041,Discoloration
224.0,60.0,0.882,0.2679,0.008,Discoloration
239.5,61.41,0.941,0.2589,0.008,Discoloration
833.0,263.6,0.127,0.3049,0.024,Cracks-Scratches
377.5,104.04,0.372,0.2702,0.012,Shelling
1152.5,184.53,4.882,0.1605,0.03,Shelling
1465.0,229.94,4.167,0.1502,0.036,Discoloration
821.0,281.25,7.0,0.3264,0.024,Cracks-Scratches
282.0,67.66,1.467,0.2411,0.009,Discoloration
328.5,72.24,1.167,0.2161,0.01,Discoloration
1270.0,196.71,2.833,0.1496,0.032,Shelling
284.0,67.66,1.176,0.2359,0.009,Discoloration
316.5,69.9,1.294,0.2212,0.01,Discoloration
857.5,279.84,6.55,0.3125,0.025,Cracks-Scratches
1501.5,229.7,4.545,0.1479,0.037,Discoloration
1218.5,145.21,1.724,0.1157,0.031,Shelling
260.0,77.8,2.462,0.2808,0.009,Shelling
738.0,247.11,7.25,0.3225,0.022,Cracks-Scratches
1278.0,192.57,0.325,0.1479,0.032,Shelling
273.0,65.66,1.0,0.2381,0.009,Discoloration
1586.5,238.53,0.19,0.1475,0.039,Discoloration
269.5,64.73,0.947,0.2412,0.009,Discoloration
851.0,261.11,0.139,0.2961,0.024,Cracks-Scratches
843.0,262.28,0.112,0.3013,0.024,Cracks-Scratches
1452.0,227.46,5.05,0.1543,0.036,Discoloration
1356.5,193.7,4.474,0.1401,0.034,Shelling
251.0,62.83,1.125,0.251,0.008,Discoloration
281.0,66.83,1.25,0.2349,0.009,Discoloration
581.5,238.04,12.667,0.4024,0.018,Cracks-Scratches
1591.0,241.11,0.217,0.1477,0.039,Discoloration
1323.5,187.7,0.229,0.1428,0.033,Shelling
264.5,64.24,0.842,0.2457,0.009,Discoloration
245.0,63.31,0.714,0.2612,0.008,Discoloration
981.5,269.36,0.134,0.2639,0.027,Cracks-Scratches
822.0,253.46,0.107,0.3017,0.024,Cracks-Scratches
2066.0,244.28,0.219,0.1167,0.048,Shelling
2148.0,280.08,0.256,0.1257,0.05,Discoloration
654.5,125.01,0.404,0.1864,0.018,Shelling
358.0,74.83,1.0,0.2095,0.011,Discoloration
359.0,74.83,0.905,0.2117,0.011,Discoloration
1175.5,314.33,0.149,0.2561,0.031,Cracks-Scratches
401.5,80.24,1.389,0.1993,0.012,Discoloration
1772.0,252.43,3.724,0.1371,0.043,Discoloration
1881.5,219.36,3.958,0.1238,0.045,Shelling
405.5,80.24,1.263,0.1973,0.012,Discoloration
613.5,122.18,2.737,0.194,0.017,Shelling
1318.5,350.33,7.5,0.2556,0.035,Cracks-Scratches
1104.0,312.77,9.375,0.2745,0.03,Cracks-Scratches
1049.5,276.18,6.789,0.2544,0.029,Cracks-Scratches
825.0,272.63,12.0,0.3188,0.024,Cracks-Scratches
1970.0,232.28,0.216,0.1244,0.046,Shelling
634.0,132.43,0.375,0.205,0.018,Shelling
2219.5,285.01,0.244,0.1244,0.051,Discoloration
333.5,72.24,0.857,0.2189,0.01,Discoloration
411.5,80.24,0.955,0.192,0.012,Discoloration
1106.5,310.67,0.137,0.2693,0.03,Cracks-Scratches
2142.5,256.95,0.364,0.112,0.049,Shelling
602.5,123.84,0.352,0.1992,0.017,Shelling
2187.0,277.6,0.192,0.1253,0.05,Discoloration
437.0,81.31,0.957,0.1854,0.013,Discoloration
348.0,73.66,0.818,0.2155,0.011,Discoloration
1007.5,290.18,0.104,0.2789,0.028,Cracks-Scratches
576.0,118.43,0.522,0.1997,0.017,Shelling
2293.0,316.45,0.441,0.1269,0.052,Discoloration
2090.5,256.61,0.355,0.1158,0.048,Shelling
437.0,81.8,0.958,0.1854,0.013,Discoloration
386.5,76.73,1.048,0.2044,0.012,Discoloration
1230.0,333.28,0.354,0.2431,0.033,Cracks-Scratches
2125.5,247.3,0.346,0.1106,0.049,Shelling
2401.5,285.01,0.195,0.1245,0.055,Discoloration
400.5,77.9,0.955,0.1998,0.012,Discoloration
453.0,82.14,0.917,0.1854,0.013,Discoloration
1284.5,300.87,0.121,0.2289,0.034,Cracks-Scratches
588.0,126.08,0.364,0.2109,0.017,Shelling
2129.0,243.94,0.226,0.1118,0.049,Shelling
2243.5,289.15,0.246,0.1239,0.052,Discoloration
657.0,121.25,0.412,0.1826,0.018,Shelling
425.0,81.66,0.833,0.1929,0.013,Discoloration
356.5,75.41,0.818,0.2132,0.011,Discoloration
1200.5,311.5,0.143,0.2474,0.032,Cracks-Scratches
2020.5,237.01,4.375,0.1158,0.047,Shelling
407.5,81.41,1.389,0.2012,0.012,Discoloration
352.0,74.83,1.222,0.2102,0.011,Discoloration
565.5,115.36,2.722,0.2087,0.016,Shelling
2024.0,274.63,5.261,0.1329,0.047,Discoloration
1012.5,315.01,9.867,0.3002,0.028,Cracks-Scratches
1067.5,295.36,7.263,0.2679,0.029,Cracks-Scratches
2191.5,239.5,0.333,0.1059,0.05,Shelling
354.5,74.24,0.905,0.2116,0.011,Discoloration
599.0,117.6,0.468,0.197,0.017,Shelling
489.5,88.24,0.808,0.1777,0.014,Discoloration
2001.5,284.27,0.339,0.1414,0.047,Discoloration
1160.0,352.31,0.256,0.275,0.031,Cracks-Scratches
1000.0,314.85,0.221,0.29,0.028,Cracks-Scratches
1121.5,348.75,0.225,0.2862,0.031,Cracks-Scratches
1779.0,224.91,0.374,0.1203,0.042,Discoloration
673.0,105.66,0.719,0.156,0.019,Discoloration
1033.0,138.14,0.542,0.1297,0.027,Discoloration
644.5,128.18,0.37,0.1893,0.018,Shelling
3183.0,313.25,0.201,0.0968,0.068,Shelling
2918.0,300.08,4.714,0.1025,0.064,Shelling
739.5,107.9,1.32,0.146,0.02,Discoloration
1637.0,229.05,2.611,0.1307,0.04,Discoloration
616.0,129.11,2.842,0.2045,0.018,Shelling
937.5,134.04,1.643,0.1365,0.025,Discoloration
1430.0,363.88,5.387,0.2413,0.037,Cracks-Scratches
1739.0,435.34,4.975,0.2346,0.043,Cracks-Scratches
1279.0,369.05,6.407,0.2729,0.034,Cracks-Scratches
950.0,276.85,3.051,0.2779,0.026,Cracks-Scratches
801.5,113.07,1.308,0.1385,0.022,Discoloration
2843.5,294.18,4.962,0.103,0.062,Shelling
1010.0,137.11,1.962,0.1307,0.026,Discoloration
611.0,122.77,2.737,0.2095,0.018,Shelling
1570.0,223.05,2.6,0.1325,0.038,Discoloration
724.5,205.7,6.929,0.2761,0.021,Cracks-Scratches
1633.5,400.95,5.056,0.232,0.041,Cracks-Scratches
3197.0,327.62,0.406,0.0948,0.068,Shelling
615.5,130.33,0.562,0.2063,0.018,Shelling
840.5,118.18,0.865,0.1309,0.022,Discoloration
1737.5,230.55,0.621,0.1226,0.041,Discoloration
1532.5,428.23,0.425,0.2454,0.039,Cracks-Scratches
1115.0,150.91,0.76,0.1274,0.029,Discoloration
1042.0,283.62,0.385,0.2476,0.028,Cracks-Scratches
1195.5,323.66,0.426,0.2401,0.032,Cracks-Scratches
1116.0,334.88,0.437,0.2724,0.03,Cracks-Scratches
903.0,266.25,0.528,0.2724,0.025,Cracks-Scratches
704.5,105.56,1.32,0.1519,0.019,Discoloration
2912.0,308.51,2.804,0.1016,0.063,Shelling
659.0,125.11,2.944,0.1836,0.019,Shelling
1692.5,216.38,4.7,0.1282,0.041,Discoloration
1009.5,137.9,2.042,0.1337,0.026,Discoloration
1002.0,232.63,8.154,0.2265,0.027,Cracks-Scratches
615.0,176.28,5.0,0.2764,0.018,Cracks-Scratches
1144.0,286.91,6.684,0.243,0.031,Cracks-Scratches
576.0,164.63,5.286,0.276,0.017,Cracks-Scratches
1057.0,254.63,8.429,0.2346,0.029,Cracks-Scratches
775.5,113.9,0.714,0.147,0.021,Discoloration
3056.5,303.15,0.242,0.1004,0.066,Shelling
1710.0,220.77,0.333,0.1246,0.041,Discoloration
622.0,139.25,0.385,0.2203,0.018,Shelling
2674.5,299.01,0.214,0.1088,0.059,Discoloration
1102.0,140.97,0.5,0.1252,0.028,Discoloration
865.5,243.15,0.262,0.2657,0.024,Cracks-Scratches
1549.0,385.94,0.07,0.2434,0.04,Cracks-Scratches
692.0,190.83,0.101,0.2746,0.02,Cracks-Scratches
1121.5,148.53,0.596,0.1239,0.029,Discoloration
604.0,119.6,0.458,0.1954,0.017,Shelling
1811.5,233.78,0.484,0.1198,0.043,Discoloration
708.0,106.97,0.871,0.1483,0.02,Discoloration
3154.0,304.23,0.256,0.0961,0.068,Shelling
2009.0,471.08,0.288,0.2145,0.049,Cracks-Scratches
1730.0,220.08,0.386,0.1208,0.041,Discoloration
681.5,105.41,0.719,0.1555,0.019,Discoloration
1104.0,146.14,0.5,0.1286,0.028,Discoloration
3159.0,305.25,0.206,0.0956,0.068,Shelling
557.5,121.01,0.365,0.2206,0.016,Shelling
2937.0,316.99,2.481,0.1008,0.064,Shelling
639.5,118.67,1.84,0.1986,0.018,Shelling
774.0,112.77,1.2,0.1382,0.021,Discoloration
916.5,135.5,1.353,0.1375,0.024,Discoloration
1451.0,219.34,1.848,0.1365,0.036,Discoloration
1332.5,391.61,2.406,0.2672,0.035,Cracks-Scratches
581.5,200.61,2.839,0.313,0.018,Cracks-Scratches
917.5,281.18,2.226,0.2823,0.026,Cracks-Scratches
1350.5,379.81,2.629,0.2503,0.035,Cracks-Scratches
1141.5,141.56,0.574,0.1226,0.029,Discoloration
2730.0,306.37,0.336,0.1062,0.06,Discoloration
5047.5,443.15,0.165,0.086,0.099,Shelling
877.5,227.21,0.132,0.2541,0.024,Cracks-Scratches
2354.0,234.83,0.293,0.0994,0.053,Shelling
780.5,256.47,0.22,0.3049,0.023,Cracks-Scratches
2588.5,291.3,0.328,0.1062,0.058,Discoloration
1317.5,150.73,0.569,0.1154,0.033,Discoloration
888.5,276.61,0.287,0.2915,0.025,Cracks-Scratches
5544.5,468.12,0.192,0.0822,0.107,Shelling
944.5,244.04,0.132,0.2509,0.026,Cracks-Scratches
4936.0,436.77,0.16,0.0863,0.097,Shelling
1210.0,145.8,1.438,0.1157,0.031,Discoloration
4898.5,447.64,5.611,0.0898,0.097,Shelling
2428.0,296.31,2.089,0.1108,0.055,Discoloration
825.5,232.33,4.16,0.2629,0.023,Cracks-Scratches
882.0,282.79,2.511,0.2925,0.025,Cracks-Scratches
789.5,203.5,3.75,0.2419,0.022,Cracks-Scratches
1285.5,148.53,1.515,0.1105,0.032,Discoloration
4704.0,456.17,4.298,0.0929,0.094,Shelling
2780.5,315.18,1.922,0.1021,0.061,Discoloration
850.0,284.45,2.212,0.3129,0.024,Cracks-Scratches
770.5,264.89,2.829,0.3115,0.022,Cracks-Scratches
776.0,229.54,3.258,0.268,0.022,Cracks-Scratches
2703.0,306.99,0.431,0.104,0.06,Discoloration
1324.0,151.8,0.608,0.114,0.033,Discoloration
5451.5,475.5,0.153,0.086,0.106,Shelling
765.5,251.44,0.306,0.3044,0.022,Cracks-Scratches
971.0,244.08,0.229,0.2369,0.027,Cracks-Scratches
1509.5,408.07,0.253,0.2498,0.039,Cracks-Scratches
1293.0,148.97,1.633,0.1121,0.032,Discoloration
5149.5,452.67,6.867,0.0862,0.101,Shelling
2541.0,293.34,2.36,0.1082,0.057,Discoloration
917.5,224.53,5.722,0.2343,0.025,Cracks-Scratches
893.0,292.99,2.652,0.3001,0.025,Cracks-Scratches
815.0,204.77,4.6,0.2405,0.023,Cracks-Scratches
905.5,226.18,5.474,0.2385,0.025,Cracks-Scratches
1212.5,143.9,1.679,0.1171,0.031,Discoloration
2475.5,291.78,2.905,0.1115,0.056,Discoloration
4859.5,449.3,5.486,0.0893,0.096,Shelling
925.5,278.95,4.345,0.3123,0.027,Cracks-Scratches
836.5,196.38,6.429,0.2283,0.023,Cracks-Scratches
521.5,160.67,3.182,0.2876,0.016,Cracks-Scratches
928.5,236.38,8.462,0.2488,0.026,Cracks-Scratches
2379.5,290.35,0.562,0.1118,0.054,Discoloration
5162.5,478.35,0.282,0.0866,0.101,Shelling
1180.0,142.08,0.844,0.1153,0.03,Discoloration
852.0,251.34,0.349,0.2653,0.024,Cracks-Scratches
951.5,268.07,0.374,0.2554,0.026,Cracks-Scratches
624.5,252.35,0.472,0.3795,0.019,Cracks-Scratches
273.0,114.23,0.565,0.3956,0.009,Cracks-Scratches
1400.5,154.38,1.677,0.1085,0.034,Discoloration
4908.5,443.64,6.419,0.088,0.097,Shelling
2731.5,304.75,2.222,0.1025,0.06,Discoloration
919.5,297.1,3.568,0.2969,0.026,Cracks-Scratches
1029.0,243.74,4.192,0.2216,0.028,Cracks-Scratches
951.0,232.08,4.333,0.2292,0.026,Cracks-Scratches
1528.0,192.43,0.39,0.1224,0.037,Discoloration
1251.5,361.15,0.141,0.2757,0.033,Cracks-Scratches
1107.5,331.01,0.114,0.288,0.03,Cracks-Scratches
1561.0,192.43,0.408,0.1185,0.038,Discoloration
1305.0,364.08,0.115,0.269,0.035,Cracks-Scratches
1033.5,343.36,0.09,0.3232,0.029,Cracks-Scratches
1513.0,189.74,0.479,0.1183,0.037,Discoloration
1095.0,341.68,0.232,0.2895,0.03,Cracks-Scratches
735.0,252.23,0.216,0.3211,0.022,Cracks-Scratches
907.5,300.47,0.177,0.3107,0.026,Cracks-Scratches
618.5,211.98,0.263,0.3169,0.019,Cracks-Scratches
1547.0,186.63,2.846,0.117,0.038,Discoloration
1450.0,371.46,14.917,0.2503,0.038,Cracks-Scratches
1161.5,307.56,14.7,0.2617,0.031,Cracks-Scratches
617.5,199.56,9.5,0.319,0.019,Cracks-Scratches
776.0,248.97,12.0,0.3157,0.023,Cracks-Scratches
1546.5,189.01,0.351,0.1216,0.038,Discoloration
1232.5,333.56,0.068,0.2669,0.033,Cracks-Scratches
636.5,193.56,0.133,0.2969,0.019,Cracks-Scratches
352.5,142.24,0.104,0.4,0.012,Cracks-Scratches
1483.5,184.87,0.303,0.124,0.036,Discoloration
1273.0,346.08,0.135,0.2608,0.034,Cracks-Scratches
1330.5,365.5,0.104,0.2638,0.035,Cracks-Scratches
1474.0,180.28,0.361,0.1187,0.036,Discoloration
1083.0,280.14,0.083,0.2548,0.029,Cracks-Scratches
1188.0,347.46,0.071,0.2862,0.032,Cracks-Scratches
1320.5,173.01,2.129,0.1257,0.033,Discoloration
1008.5,289.36,8.059,0.2757,0.028,Cracks-Scratches
1158.0,336.91,6.87,0.2781,0.031,Cracks-Scratches
754.0,206.97,8.083,0.2679,0.022,Cracks-Scratches
798.5,270.04,10.833,0.3231,0.023,Cracks-Scratches
432.0,141.66,7.222,0.3241,0.014,Cracks-Scratches
1005.5,309.5,6.952,0.2924,0.028,Cracks-Scratches
665.0,223.25,5.15,0.3203,0.02,Cracks-Scratches
804.5,259.5,5.455,0.307,0.023,Cracks-Scratches
1522.0,190.08,0.446,0.1183,0.037,Discoloration
1266.5,355.98,0.15,0.2685,0.034,Cracks-Scratches
1173.5,359.5,0.123,0.2948,0.032,Cracks-Scratches
1390.5,172.67,0.661,0.1187,0.034,Shelling
1059.5,151.98,0.475,0.1378,0.027,Shelling
1803.0,200.63,0.305,0.1098,0.043,Discoloration
467.5,156.53,0.243,0.3144,0.015,Cracks-Scratches
1082.0,145.11,0.397,0.134,0.028,Shelling
1792.0,210.91,0.422,0.1122,0.042,Discoloration
1282.5,157.9,0.383,0.1232,0.032,Shelling
1032.5,135.56,0.591,0.1308,0.027,Discoloration
472.0,161.31,0.118,0.3369,0.015,Cracks-Scratches
1829.5,212.81,2.184,0.1082,0.043,Discoloration
1261.0,156.14,2.417,0.1237,0.032,Shelling
1072.5,145.36,2.565,0.1371,0.028,Shelling
1066.0,132.49,1.593,0.1257,0.027,Discoloration
452.0,171.31,10.25,0.3739,0.014,Cracks-Scratches
388.5,142.18,3.5,0.3398,0.013,Cracks-Scratches
306.5,115.7,3.125,0.3491,0.01,Cracks-Scratches
1901.0,209.74,0.393,0.1073,0.044,Discoloration
1350.0,165.8,0.419,0.12,0.034,Shelling
1037.5,144.18,0.414,0.1359,0.027,Shelling
528.0,156.49,0.139,0.2936,0.016,Cracks-Scratches
295.5,105.21,0.283,0.3384,0.01,Cracks-Scratches
603.0,216.77,0.182,0.34,0.018,Cracks-Scratches
897.5,118.73,0.684,0.1326,0.024,Discoloration
1264.0,157.31,2.417,0.1226,0.032,Shelling
1831.0,212.23,2.361,0.1098,0.043,Discoloration
1112.5,150.87,2.609,0.1339,0.029,Shelling
567.5,169.9,7.9,0.296,0.017,Cracks-Scratches
357.5,131.36,2.75,0.3441,0.012,Cracks-Scratches
731.0,202.97,7.917,0.3078,0.022,Cracks-Scratches
374.0,112.63,4.25,0.2888,0.012,Cracks-Scratches
1292.0,167.6,0.559,0.1223,0.032,Shelling
1031.0,143.11,0.481,0.1348,0.027,Shelling
1917.0,218.17,0.679,0.1075,0.045,Discoloration
448.0,153.25,0.313,0.3147,0.014,Cracks-Scratches
801.5,272.35,0.473,0.3119,0.023,Cracks-Scratches
306.5,116.33,0.511,0.3458,0.01,Cracks-Scratches
1294.5,163.21,0.492,0.1221,0.032,Shelling
1834.5,215.44,0.628,0.1079,0.043,Discoloration
1059.5,146.87,0.397,0.134,0.027,Shelling
457.5,149.36,0.273,0.3038,0.014,Cracks-Scratches
283.0,109.25,0.467,0.3428,0.009,Cracks-Scratches
1410.5,179.5,1.75,0.1184,0.035,Shelling
1117.0,154.23,2.286,0.1361,0.029,Shelling
1718.5,198.38,3.375,0.1141,0.041,Discoloration
548.5,175.36,4.706,0.3045,0.017,Cracks-Scratches
381.0,116.97,4.818,0.2966,0.012,Cracks-Scratches
519.5,172.87,5.267,0.3176,0.016,Cracks-Scratches
398.0,126.63,5.364,0.3442,0.013,Cracks-Scratches
269.5,95.9,4.778,0.3488,0.009,Cracks-Scratches
423.5,143.7,4.333,0.3235,0.013,Cracks-Scratches
1217.0,153.94,0.387,0.129,0.031,Shelling
1630.5,180.73,0.377,0.111,0.039,Shelling
1423.0,156.63,0.5,0.1103,0.035,Discoloration
3104.0,317.54,0.354,0.0973,0.067,Discoloration
1718.0,200.91,0.507,0.1112,0.041,Discoloration
547.5,142.81,0.564,0.2484,0.016,Cracks-Scratches
2468.0,265.4,0.387,0.1025,0.055,Discoloration
549.5,174.38,0.108,0.3112,0.017,Cracks-Scratches
276.5,90.38,0.275,0.3183,0.009,Cracks-Scratches
511.0,162.14,0.132,0.3131,0.016,Cracks-Scratches
1574.5,166.53,1.629,0.1023,0.038,Discoloration
1678.5,180.53,2.094,0.1043,0.04,Shelling
1209.0,153.25,2.52,0.1266,0.031,Shelling
3100.0,308.77,4.714,0.0974,0.067,Discoloration
707.0,183.46,6.615,0.2504,0.02,Cracks-Scratches
486.0,148.77,3.421,0.2984,0.015,Cracks-Scratches
608.5,248.47,4.5,0.4339,0.02,Cracks-Scratches
496.0,165.31,7.7,0.3266,0.015,Cracks-Scratches
1552.0,161.94,1.812,0.1024,0.037,Discoloration
1234.5,158.18,2.56,0.1272,0.031,Shelling
1639.0,181.46,2.345,0.108,0.039,Shelling
3220.5,321.24,2.067,0.0928,0.069,Discoloration
642.0,188.43,4.833,0.2757,0.019,Cracks-Scratches
572.0,176.71,2.25,0.2972,0.017,Cracks-Scratches
335.0,100.28,2.625,0.2836,0.011,Cracks-Scratches
969.0,141.8,2.5,0.1445,0.026,Shelling
1680.0,184.28,0.429,0.1077,0.04,Shelling
1659.0,171.46,0.576,0.1013,0.04,Discoloration
1178.0,151.11,0.424,0.1265,0.03,Shelling
3219.0,326.59,0.466,0.0957,0.069,Discoloration
526.5,170.67,0.228,0.3039,0.016,Cracks-Scratches
381.5,126.33,0.52,0.3067,0.012,Cracks-Scratches
265.5,89.21,0.342,0.3126,0.009,Cracks-Scratches
486.0,166.23,0.5,0.3189,0.015,Cracks-Scratches
1552.5,166.18,0.603,0.1043,0.037,Discoloration
1504.0,179.94,0.478,0.1157,0.037,Shelling
1130.0,153.4,0.468,0.1336,0.029,Shelling
2132.5,230.04,0.271,0.1079,0.049,Discoloration
648.0,173.94,0.215,0.2577,0.019,Cracks-Scratches
3303.5,300.87,0.228,0.0896,0.07,Discoloration
265.0,94.49,0.186,0.3509,0.009,Cracks-Scratches
377.0,118.28,0.288,0.2997,0.012,Cracks-Scratches
412.5,126.53,0.309,0.3079,0.013,Cracks-Scratches
1135.5,152.18,0.433,0.133,0.029,Shelling
1412.0,158.43,0.607,0.1076,0.035,Discoloration
1601.0,181.94,0.493,0.1087,0.039,Shelling
457.0,125.54,0.702,0.2823,0.014,Cracks-Scratches
2923.0,307.62,0.547,0.0965,0.064,Discoloration
554.0,164.08,0.306,0.2762,0.017,Cracks-Scratches
1792.0,216.51,0.697,0.1144,0.042,Discoloration
2240.5,255.24,0.659,0.1053,0.051,Discoloration
328.0,95.11,0.474,0.2652,0.01,Cracks-Scratches
1454.5,158.73,2.0,0.1079,0.036,Discoloration
1282.5,159.01,2.75,0.1279,0.032,Shelling
1620.5,179.9,2.76,0.1123,0.039,Shelling
3112.5,311.3,3.146,0.0967,0.067,Discoloration
595.0,174.63,7.545,0.2857,0.018,Cracks-Scratches
513.5,159.64,2.654,0.296,0.016,Cracks-Scratches
313.0,96.14,3.818,0.2971,0.01,Cracks-Scratches
490.5,155.56,7.3,0.3078,0.015,Cracks-Scratches
2118.0,228.91,2.256,0.1043,0.049,Discoloration
1559.0,167.11,1.676,0.1039,0.038,Discoloration
1128.5,159.36,2.955,0.1391,0.029,Shelling
1671.5,187.7,2.258,0.1089,0.04,Shelling
3027.0,313.14,2.051,0.0945,0.065,Discoloration
725.0,185.4,3.458,0.2428,0.021,Cracks-Scratches
525.5,154.47,1.906,0.274,0.016,Cracks-Scratches
1369.5,155.07,2.0,0.1132,0.034,Discoloration
1048.0,146.28,2.857,0.1422,0.027,Shelling
1579.0,177.66,2.68,0.1127,0.038,Shelling
2984.0,304.02,2.42,0.0968,0.065,Discoloration
658.5,189.7,6.923,0.2809,0.019,Cracks-Scratches
623.0,191.46,7.583,0.2937,0.019,Cracks-Scratches
309.0,89.8,3.25,0.2848,0.01,Cracks-Scratches
605.5,175.3,2.714,0.2808,0.018,Cracks-Scratches
834.5,128.38,2.0,0.1498,0.023,Shelling
1445.0,173.25,0.463,0.1176,0.035,Shelling
2122.0,212.91,0.506,0.0943,0.049,Shelling
2213.0,209.05,0.69,0.0877,0.05,Discoloration
2641.5,259.87,0.681,0.092,0.058,Discoloration
1033.0,239.14,0.465,0.2207,0.028,Cracks-Scratches
285.0,78.91,0.733,0.3018,0.009,Cracks-Scratches
344.0,98.77,0.647,0.2849,0.011,Cracks-Scratches
314.5,105.21,0.204,0.3307,0.01,Cracks-Scratches
1488.5,172.38,0.373,0.1162,0.036,Shelling
2140.0,197.46,0.493,0.0907,0.049,Discoloration
2779.5,275.72,0.558,0.0921,0.061,Discoloration
2256.5,221.21,0.349,0.0962,0.051,Shelling
255.0,83.25,0.606,0.3255,0.008,Cracks-Scratches
1205.5,278.61,0.274,0.2621,0.033,Cracks-Scratches
306.5,78.04,0.75,0.248,0.01,Cracks-Scratches
2095.5,190.38,0.53,0.0892,0.048,Discoloration
1462.5,172.53,0.377,0.1176,0.036,Shelling
2140.5,211.56,0.337,0.0986,0.049,Shelling
2439.5,248.47,0.474,0.0967,0.055,Discoloration
997.0,260.91,0.192,0.2447,0.027,Cracks-Scratches
232.5,76.87,0.438,0.314,0.008,Cracks-Scratches
370.5,115.01,0.684,0.2888,0.012,Cracks-Scratches
216.0,102.14,0.143,0.463,0.008,Cracks-Scratches
250.0,104.14,0.14,0.416,0.009,Cracks-Scratches
2031.5,192.53,0.6,0.0901,0.047,Discoloration
1517.5,185.84,0.389,0.1193,0.037,Shelling
2067.5,214.53,0.42,0.0992,0.048,Shelling
942.5,225.92,0.396,0.296,0.028,Cracks-Scratches
2336.0,235.68,0.586,0.0942,0.053,Discoloration
299.5,83.84,0.656,0.2905,0.01,Cracks-Scratches
402.5,120.18,0.533,0.3006,0.013,Cracks-Scratches
399.0,116.08,0.75,0.2832,0.012,Cracks-Scratches
2205.0,199.46,0.493,0.0889,0.05,Discoloration
1532.5,182.53,0.361,0.1181,0.037,Shelling
2030.0,208.14,0.333,0.1015,0.047,Shelling
2516.5,250.81,0.429,0.095,0.056,Discoloration
890.0,228.08,0.212,0.2551,0.025,Cracks-Scratches
268.0,81.11,0.441,0.291,0.009,Cracks-Scratches
411.5,92.67,0.867,0.2333,0.012,Cracks-Scratches
784.0,210.43,0.196,0.2513,0.022,Cracks-Scratches
227.0,106.49,0.14,0.4581,0.008,Cracks-Scratches
252.5,113.9,0.151,0.4396,0.009,Cracks-Scratches
2082.5,196.81,1.756,0.0936,0.048,Discoloration
1501.0,172.43,2.233,0.1133,0.037,Shelling
2133.5,217.01,2.216,0.0984,0.049,Shelling
2417.5,250.07,1.569,0.0964,0.054,Discoloration
400.0,118.57,1.483,0.275,0.012,Cracks-Scratches
520.0,147.05,1.697,0.2731,0.016,Cracks-Scratches
936.5,238.95,3.567,0.2328,0.026,Cracks-Scratches
1343.0,352.94,2.654,0.2331,0.035,Cracks-Scratches
650.0,184.37,1.973,0.2769,0.019,Cracks-Scratches
2328.0,207.8,2.176,0.0876,0.052,Discoloration
1516.5,177.7,2.84,0.1161,0.037,Shelling
2078.5,208.73,2.857,0.1006,0.048,Shelling
2632.0,259.54,2.128,0.0935,0.058,Discoloration
1332.0,267.05,4.444,0.1862,0.034,Cracks-Scratches
335.5,106.53,2.471,0.2981,0.011,Cracks-Scratches
305.0,76.77,1.3,0.282,0.01,Cracks-Scratches
179.0,75.8,3.3,0.7989,0.01,Cracks-Scratches
292.0,107.94,2.933,0.3664,0.01,Cracks-Scratches
1039.0,214.43,4.85,0.1944,0.028,Cracks-Scratches
308.0,79.6,1.3,0.3506,0.011,Cracks-Scratches
2236.0,201.25,1.581,0.0872,0.051,Discoloration
2146.0,215.54,1.884,0.0955,0.049,Shelling
1398.5,169.5,1.694,0.1023,0.034,Shelling
2363.5,252.38,3.889,0.1045,0.053,Discoloration
1614.5,311.84,6.409,0.1858,0.04,Cracks-Scratches
1894.5,330.33,7.143,0.1789,0.046,Cracks-Scratches
1720.5,311.84,6.174,0.1749,0.042,Cracks-Scratches
1031.5,143.56,0.415,0.1367,0.027,Shelling
580.5,102.38,0.541,0.1723,0.017,Shelling
144.5,81.9,0.154,0.5675,0.006,Cracks-Scratches
1120.5,145.21,0.491,0.1267,0.029,Shelling
583.5,103.56,0.571,0.1765,0.017,Shelling
200.5,82.04,0.263,0.399,0.007,Cracks-Scratches
1081.0,145.31,0.426,0.1323,0.028,Shelling
722.5,120.04,0.571,0.1619,0.02,Shelling
171.0,81.31,0.184,0.462,0.006,Cracks-Scratches
1116.0,146.63,0.463,0.1263,0.029,Shelling
606.0,102.14,0.556,0.1667,0.017,Shelling
136.0,70.14,0.25,0.5074,0.005,Cracks-Scratches
1056.5,151.5,1.839,0.1382,0.027,Shelling
577.0,109.25,1.138,0.1768,0.016,Shelling
1044.5,145.21,2.16,0.134,0.027,Shelling
713.0,118.28,1.792,0.1557,0.02,Shelling
1505.0,199.11,3.0,0.1269,0.037,Shelling
1662.5,228.67,3.667,0.1317,0.04,Shelling
1035.0,141.31,0.415,0.1362,0.027,Shelling
660.5,114.87,0.55,0.1711,0.019,Shelling
177.0,76.14,0.229,0.4237,0.006,Cracks-Scratches
1066.0,141.66,0.451,0.1313,0.028,Shelling
651.5,108.38,0.579,0.1658,0.018,Shelling
175.5,75.56,0.229,0.4217,0.006,Cracks-Scratches
595.0,103.8,0.629,0.1697,0.017,Shelling
1179.0,148.14,0.463,0.1247,0.03,Shelling
1024.0,175.46,0.237,0.1709,0.027,Shelling
181.5,75.9,0.2,0.4132,0.007,Cracks-Scratches
851.0,163.6,3.091,0.1915,0.023,Shelling
1246.0,284.63,10.308,0.2231,0.033,Cracks-Scratches
868.5,181.7,0.324,0.198,0.024,Shelling
1074.0,304.77,0.125,0.2747,0.029,Cracks-Scratches
985.5,297.7,0.098,0.2912,0.027,Cracks-Scratches
784.5,175.36,3.217,0.2192,0.022,Shelling
1102.5,296.33,6.667,0.2503,0.03,Cracks-Scratches
1194.5,300.47,5.346,0.2369,0.032,Cracks-Scratches
836.5,169.7,0.348,0.1937,0.023,Shelling
1102.5,294.18,0.121,0.2585,0.03,Cracks-Scratches
808.0,269.46,0.092,0.323,0.023,Cracks-Scratches
974.0,181.94,2.846,0.1838,0.026,Shelling
1095.5,282.67,6.55,0.2465,0.03,Cracks-Scratches
962.0,262.08,5.714,0.2588,0.027,Cracks-Scratches
1018.5,311.84,10.0,0.2847,0.028,Cracks-Scratches
965.0,263.94,8.267,0.2694,0.027,Cracks-Scratches
995.0,176.77,0.347,0.1789,0.026,Shelling
1094.5,311.56,0.066,0.2814,0.03,Cracks-Scratches
772.0,122.63,0.511,0.1606,0.021,Shelling
1117.5,274.38,0.085,0.2407,0.03,Cracks-Scratches
837.5,285.56,0.072,0.3379,0.024,Cracks-Scratches
822.5,153.01,0.433,0.1848,0.022,Shelling
1120.0,317.88,0.19,0.2661,0.03,Cracks-Scratches
805.0,276.57,0.16,0.318,0.023,Cracks-Scratches
792.5,176.33,0.352,0.2107,0.022,Shelling
1210.5,291.84,0.146,0.2313,0.032,Cracks-Scratches
3628.0,388.91,6.63,0.1042,0.076,Shelling
185.0,58.83,2.2,0.3189,0.006,Cracks-Scratches
3409.5,394.12,0.196,0.1115,0.073,Shelling
183.0,60.49,0.417,0.3388,0.006,Cracks-Scratches
3195.5,391.15,7.0,0.1195,0.069,Shelling
203.0,65.66,3.0,0.3251,0.007,Cracks-Scratches
3321.0,388.85,0.21,0.1117,0.071,Shelling
239.5,67.07,0.423,0.2797,0.008,Cracks-Scratches
3474.5,391.78,5.265,0.1085,0.074,Shelling
178.5,54.73,1.667,0.3081,0.006,Cracks-Scratches
3527.0,390.37,4.757,0.1063,0.075,Shelling
172.0,59.66,2.667,0.343,0.006,Cracks-Scratches
3288.5,384.95,0.194,0.1125,0.07,Shelling
189.0,59.66,0.435,0.3122,0.007,Cracks-Scratches
3303.5,376.18,0.131,0.112,0.071,Shelling
247.5,69.07,0.407,0.2747,0.008,Cracks-Scratches
3610.5,402.41,0.258,0.1055,0.076,Shelling
298.5,73.9,0.464,0.258,0.01,Cracks-Scratches
3365.5,383.78,0.207,0.1105,0.072,Shelling
178.0,59.66,0.375,0.3427,0.006,Cracks-Scratches
3336.0,388.37,0.205,0.1121,0.071,Shelling
216.0,65.66,0.385,0.3009,0.007,Cracks-Scratches
3431.5,385.78,4.553,0.1081,0.073,Shelling
225.0,64.49,2.273,0.2978,0.008,Cracks-Scratches
3471.0,388.71,0.185,0.1089,0.074,Shelling
271.0,67.31,0.52,0.2509,0.009,Cracks-Scratches
3735.0,410.68,2.114,0.1009,0.078,Shelling
247.5,65.56,1.923,0.2747,0.008,Cracks-Scratches
3477.0,380.57,7.12,0.1079,0.074,Shelling
222.0,63.31,2.0,0.2838,0.007,Cracks-Scratches
3456.5,381.36,0.13,0.1079,0.073,Shelling
255.5,69.07,0.462,0.2701,0.008,Cracks-Scratches
3501.0,397.68,0.223,0.1085,0.074,Shelling
215.0,63.31,0.44,0.3023,0.007,Cracks-Scratches
3552.5,401.84,7.48,0.112,0.075,Shelling
290.5,71.9,2.077,0.2478,0.009,Cracks-Scratches
3905.0,414.37,0.174,0.1042,0.081,Shelling
342.5,76.38,0.517,0.2219,0.011,Cracks-Scratches
3813.0,414.02,4.65,0.1039,0.079,Shelling
273.5,71.07,2.25,0.2559,0.009,Cracks-Scratches
3721.0,411.22,2.652,0.1013,0.078,Shelling
308.0,74.97,2.071,0.2403,0.01,Cracks-Scratches
3903.0,420.51,4.372,0.1033,0.081,Shelling
263.5,71.07,2.545,0.2732,0.009,Cracks-Scratches
3655.5,416.49,0.346,0.1048,0.077,Shelling
343.5,75.9,0.556,0.2125,0.011,Cracks-Scratches
3816.0,413.28,2.983,0.1012,0.079,Shelling
294.0,73.31,2.154,0.2517,0.009,Cracks-Scratches
3710.5,417.92,0.217,0.1081,0.078,Shelling
322.0,75.31,0.5,0.2267,0.01,Cracks-Scratches
3952.0,428.94,0.312,0.1015,0.082,Shelling
379.5,80.73,0.5,0.2134,0.012,Cracks-Scratches
3805.5,437.81,0.38,0.1041,0.079,Shelling
339.0,74.63,0.517,0.233,0.011,Cracks-Scratches
4070.0,425.88,0.168,0.1012,0.084,Shelling
282.5,69.56,0.538,0.2513,0.009,Cracks-Scratches
3888.5,411.84,0.131,0.1034,0.081,Shelling
327.5,74.73,0.5,0.229,0.01,Cracks-Scratches
4023.0,434.17,4.311,0.1029,0.083,Shelling
271.5,71.07,2.25,0.2578,0.009,Cracks-Scratches
3628.0,411.2,0.224,0.1072,0.076,Shelling
314.0,74.14,0.448,0.242,0.01,Cracks-Scratches
3749.0,411.88,5.727,0.1054,0.078,Shelling
303.0,76.49,2.5,0.2574,0.01,Cracks-Scratches
4017.0,434.85,4.925,0.1036,0.083,Shelling
266.5,69.9,2.25,0.2627,0.009,Cracks-Scratches
3961.0,422.02,0.223,0.1015,0.082,Shelling
330.0,77.31,0.433,0.2394,0.01,Cracks-Scratches
3709.5,403.64,0.179,0.1059,0.078,Shelling
385.5,81.56,0.484,0.2101,0.012,Cracks-Scratches
3896.0,422.51,0.234,0.0991,0.081,Shelling
393.0,84.49,0.438,0.2188,0.012,Cracks-Scratches
3843.0,407.05,0.19,0.1025,0.08,Shelling
362.5,79.56,0.5,0.2179,0.011,Cracks-Scratches
3862.0,415.54,5.081,0.1033,0.08,Shelling
323.0,76.63,1.812,0.2353,0.01,Cracks-Scratches
3776.5,410.63,0.435,0.0985,0.079,Shelling
350.0,77.8,0.5,0.22,0.011,Cracks-Scratches
3944.0,428.59,2.889,0.0948,0.081,Shelling
349.0,82.14,2.538,0.235,0.011,Cracks-Scratches
3725.0,406.11,3.07,0.1004,0.078,Shelling
376.5,85.07,2.538,0.2311,0.012,Cracks-Scratches
4088.5,423.44,0.229,0.0988,0.084,Shelling
336.0,79.31,0.419,0.2351,0.011,Cracks-Scratches
3811.0,396.37,0.234,0.0934,0.079,Shelling
367.0,84.97,0.371,0.2425,0.011,Cracks-Scratches
3493.5,380.49,2.232,0.0976,0.074,Shelling
357.5,84.73,2.357,0.2294,0.011,Cracks-Scratches
3780.5,391.92,3.717,0.0979,0.079,Shelling
351.5,81.9,2.462,0.2333,0.011,Cracks-Scratches
3840.0,397.68,4.59,0.0987,0.08,Shelling
411.0,94.28,2.056,0.219,0.013,Cracks-Scratches
3735.0,381.05,4.722,0.0991,0.078,Shelling
376.0,87.31,2.692,0.2287,0.012,Cracks-Scratches
3769.0,385.4,5.242,0.0982,0.078,Shelling
424.5,95.7,2.111,0.2214,0.013,Cracks-Scratches
3650.5,384.47,4.474,0.1014,0.077,Shelling
366.0,86.49,2.615,0.235,0.011,Cracks-Scratches
3940.5,380.18,5.897,0.0949,0.081,Shelling
406.5,88.38,2.333,0.2214,0.012,Cracks-Scratches
3374.5,378.35,0.413,0.0948,0.072,Shelling
375.5,83.56,0.424,0.221,0.012,Cracks-Scratches
3203.0,351.56,1.877,0.1008,0.069,Shelling
433.5,92.87,2.176,0.2053,0.013,Cracks-Scratches
3566.5,368.95,0.263,0.0993,0.075,Shelling
350.5,81.9,0.406,0.2397,0.011,Cracks-Scratches
3549.5,364.81,0.231,0.0983,0.075,Shelling
396.5,83.56,0.469,0.2119,0.012,Cracks-Scratches
3569.5,365.44,3.298,0.091,0.075,Shelling
345.0,84.49,2.833,0.2406,0.011,Cracks-Scratches
3423.5,365.44,0.287,0.1017,0.073,Shelling
372.0,83.31,0.438,0.2231,0.011,Cracks-Scratches
3420.5,361.44,0.274,0.1003,0.072,Shelling
384.0,84.14,0.424,0.2266,0.012,Cracks-Scratches
3023.0,354.39,0.514,0.1085,0.066,Shelling
359.5,82.38,0.469,0.2197,0.011,Cracks-Scratches
3414.5,355.38,2.643,0.0966,0.072,Shelling
388.0,86.14,2.429,0.2242,0.012,Cracks-Scratches
3548.5,366.47,0.244,0.0984,0.075,Shelling
380.0,84.14,0.424,0.2211,0.012,Cracks-Scratches
3175.5,344.33,4.935,0.1061,0.068,Shelling
400.5,87.9,2.429,0.2197,0.012,Cracks-Scratches
3297.5,350.81,0.25,0.1031,0.07,Shelling
377.0,82.14,0.484,0.2149,0.012,Cracks-Scratches
3534.0,358.57,4.079,0.0911,0.074,Shelling
403.0,86.14,2.2,0.2109,0.012,Cracks-Scratches
3560.5,354.18,5.233,0.0986,0.075,Shelling
412.0,86.14,2.2,0.2063,0.012,Cracks-Scratches
2740.0,331.56,0.575,0.1109,0.06,Shelling
433.5,89.7,0.514,0.2053,0.013,Cracks-Scratches
3592.5,357.5,0.224,0.0902,0.075,Shelling
372.5,82.38,0.424,0.2228,0.011,Cracks-Scratches
3277.5,349.5,5.345,0.1028,0.07,Shelling
424.5,88.87,1.889,0.2026,0.013,Cracks-Scratches
3303.5,343.92,2.939,0.0996,0.07,Shelling
379.5,83.9,2.286,0.2213,0.012,Cracks-Scratches
2919.5,325.04,1.969,0.0921,0.064,Shelling
446.5,93.56,2.467,0.206,0.013,Cracks-Scratches
2747.5,307.64,3.225,0.1063,0.061,Shelling
387.0,87.31,2.692,0.2326,0.012,Cracks-Scratches
2970.5,317.64,0.27,0.1027,0.065,Shelling
422.5,88.38,0.429,0.2107,0.013,Cracks-Scratches
3000.0,316.23,0.229,0.1017,0.065,Shelling
396.5,87.36,0.606,0.2144,0.012,Cracks-Scratches
2802.0,313.4,3.622,0.1067,0.062,Shelling
415.0,89.31,2.5,0.2193,0.013,Cracks-Scratches
3234.5,325.84,0.243,0.0986,0.069,Shelling
480.5,92.04,0.472,0.1956,0.014,Cracks-Scratches
2895.0,319.74,0.236,0.106,0.063,Shelling
392.0,83.8,0.455,0.2194,0.012,Cracks-Scratches
2882.5,309.01,4.0,0.0958,0.063,Shelling
436.5,91.21,2.25,0.2062,0.013,Cracks-Scratches
2733.0,306.51,0.359,0.0984,0.06,Shelling
435.5,91.56,0.378,0.2113,0.013,Cracks-Scratches
2584.0,284.91,3.306,0.0964,0.058,Shelling
450.0,90.97,2.188,0.1978,0.013,Cracks-Scratches
2111.0,259.34,1.961,0.1023,0.049,Shelling
401.5,86.38,2.267,0.2142,0.012,Cracks-Scratches
2193.5,271.1,0.458,0.103,0.05,Shelling
441.5,89.56,0.429,0.2084,0.013,Cracks-Scratches
2709.0,294.08,3.417,0.0941,0.06,Shelling
428.0,89.8,2.188,0.2033,0.013,Cracks-Scratches
2865.5,301.01,0.223,0.1016,0.063,Shelling
494.0,95.11,0.556,0.1862,0.014,Cracks-Scratches
2582.0,298.23,3.556,0.1015,0.058,Shelling
416.5,92.73,2.643,0.2233,0.013,Cracks-Scratches
2414.5,275.36,0.215,0.1127,0.055,Shelling
464.0,92.28,0.543,0.194,0.014,Cracks-Scratches
2645.5,296.33,0.268,0.0983,0.059,Shelling
417.0,88.97,0.429,0.211,0.013,Cracks-Scratches
1741.5,238.07,1.979,0.1281,0.042,Shelling
454.0,90.28,1.944,0.196,0.013,Cracks-Scratches
936.5,143.21,0.442,0.1538,0.025,Shelling
43.0,26.83,0.6,0.6512,0.002,Cracks-Scratches
894.0,142.97,0.415,0.1577,0.024,Shelling
27.0,22.83,0.75,0.8148,0.001,Cracks-Scratches
895.0,130.97,2.087,0.1453,0.024,Shelling
49.5,29.41,1.833,0.6061,0.002,Cracks-Scratches
883.5,135.7,2.04,0.1585,0.024,Shelling
44.5,28.24,1.833,0.6517,0.002,Cracks-Scratches
1018.0,137.94,2.0,0.1297,0.026,Shelling
48.0,32.0,2.6,0.6667,0.002,Cracks-Scratches
946.0,134.63,2.083,0.1438,0.025,Shelling
57.0,30.83,1.571,0.5439,0.002,Cracks-Scratches
967.5,142.04,0.51,0.1509,0.025,Shelling
49.0,28.83,0.7,0.5714,0.002,Cracks-Scratches
865.0,132.97,0.469,0.1549,0.023,Shelling
56.0,31.66,0.583,0.5536,0.002,Cracks-Scratches
74.5,34.24,0.667,0.4698,0.003,Cracks-Scratches
856.5,131.01,0.667,0.1471,0.023,Shelling
60.0,31.66,0.583,0.5333,0.003,Cracks-Scratches
900.5,125.21,0.545,0.1355,0.024,Shelling
128.5,56.24,0.292,0.4358,0.005,Cracks-Scratches
880.5,132.18,0.622,0.1397,0.023,Shelling
187.5,66.73,0.31,0.3573,0.007,Cracks-Scratches
778.0,116.14,2.0,0.1478,0.021,Shelling
88.0,50.49,3.833,0.5795,0.004,Cracks-Scratches
827.5,127.21,0.523,0.1523,0.022,Shelling
131.5,55.41,0.304,0.4259,0.005,Cracks-Scratches
841.5,120.53,1.464,0.1355,0.023,Shelling
97.5,50.73,3.286,0.5128,0.004,Cracks-Scratches
1348.5,168.18,2.133,0.1172,0.033,Shelling
1249.5,209.7,0.324,0.1649,0.032,Shelling
824.0,123.66,0.524,0.1493,0.022,Shelling
85.0,59.66,0.179,0.6824,0.004,Cracks-Scratches
878.5,132.18,0.596,0.1423,0.023,Shelling
123.5,58.73,0.308,0.4615,0.005,Cracks-Scratches
841.0,119.31,1.667,0.1379,0.023,Shelling
99.5,54.24,4.0,0.5327,0.004,Cracks-Scratches
847.0,120.97,1.64,0.1417,0.023,Shelling
103.0,48.49,3.0,0.4854,0.004,Cracks-Scratches
1666.0,190.97,3.208,0.1134,0.04,Shelling
132.5,56.24,3.429,0.4302,0.005,Cracks-Scratches
1767.5,196.38,0.325,0.1086,0.042,Shelling
145.5,59.07,0.32,0.3918,0.005,Cracks-Scratches
177.5,59.9,0.36,0.3437,0.006,Cracks-Scratches
1708.5,199.01,2.303,0.1112,0.041,Shelling
131.5,57.9,3.125,0.4335,0.005,Cracks-Scratches
1685.5,197.36,2.312,0.1121,0.04,Shelling
131.0,61.31,3.375,0.4504,0.005,Cracks-Scratches
1690.0,190.97,0.365,0.1112,0.04,Shelling
168.5,64.73,0.276,0.3798,0.006,Cracks-Scratches
1615.5,184.53,2.367,0.1096,0.039,Shelling
148.0,58.14,2.778,0.3919,0.005,Cracks-Scratches
1683.5,197.84,0.514,0.1105,0.04,Shelling
158.0,62.97,0.321,0.3987,0.006,Cracks-Scratches
1727.5,191.56,0.333,0.11,0.041,Shelling
107.0,57.31,0.269,0.5327,0.004,Cracks-Scratches
137.0,58.49,0.269,0.4453,0.005,Cracks-Scratches
1683.5,190.04,2.923,0.1129,0.04,Shelling
130.0,63.31,4.143,0.4846,0.005,Cracks-Scratches
1649.0,191.31,3.348,0.1164,0.04,Shelling
109.5,55.07,4.167,0.5205,0.004,Cracks-Scratches
1861.0,202.97,3.077,0.1075,0.044,Shelling
115.5,57.07,4.333,0.4935,0.005,Cracks-Scratches
1741.5,196.24,0.312,0.1125,0.041,Shelling
132.5,63.9,0.241,0.4679,0.005,Cracks-Scratches
1767.0,194.97,0.321,0.1104,0.042,Shelling
143.5,65.07,0.241,0.453,0.005,Cracks-Scratches
1857.5,201.7,2.406,0.1055,0.044,Shelling
123.0,58.49,3.714,0.439,0.005,Cracks-Scratches
112.5,57.07,4.333,0.5067,0.004,Cracks-Scratches
1828.5,202.04,0.333,0.1077,0.043,Shelling
100.5,62.73,0.241,0.5771,0.004,Cracks-Scratches
150.5,64.73,0.276,0.4186,0.006,Cracks-Scratches
1736.5,201.15,0.52,0.1088,0.041,Shelling
138.0,60.14,0.296,0.4275,0.005,Cracks-Scratches
117.0,58.97,0.296,0.5043,0.005,Cracks-Scratches
1641.5,192.24,0.303,0.1164,0.04,Shelling
135.5,57.9,0.32,0.4207,0.005,Cracks-Scratches
1977.0,211.31,0.294,0.1072,0.046,Shelling
112.0,62.49,0.207,0.5446,0.005,Cracks-Scratches
1959.5,217.84,0.422,0.1056,0.046,Shelling
114.5,60.38,0.286,0.5328,0.005,Cracks-Scratches
1920.0,217.05,2.179,0.1062,0.045,Shelling
141.0,56.14,2.3,0.3901,0.005,Cracks-Scratches
1915.5,209.56,0.294,0.1086,0.045,Shelling
131.0,60.49,0.259,0.4504,0.005,Cracks-Scratches
1930.0,209.46,2.733,0.1057,0.045,Shelling
137.0,61.31,4.0,0.4526,0.005,Cracks-Scratches
1871.0,209.31,0.282,0.1106,0.044,Shelling
108.0,54.49,0.292,0.5,0.004,Cracks-Scratches
137.5,53.9,0.348,0.4,0.005,Cracks-Scratches
1931.5,219.98,0.519,0.1056,0.045,Shelling
158.0,62.97,0.37,0.3861,0.006,Cracks-Scratches
1918.5,210.73,3.231,0.1095,0.045,Shelling
122.5,63.07,4.833,0.5061,0.005,Cracks-Scratches
1900.0,208.49,0.305,0.1095,0.045,Shelling
103.0,60.49,0.214,0.5922,0.004,Cracks-Scratches
2180.0,227.46,3.37,0.1023,0.05,Shelling
128.5,57.07,3.571,0.4436,0.005,Cracks-Scratches
2071.5,216.04,3.107,0.1038,0.048,Shelling
127.5,59.9,3.714,0.4627,0.005,Cracks-Scratches
2061.5,219.84,2.559,0.1024,0.048,Shelling
147.0,62.14,3.0,0.415,0.005,Cracks-Scratches
2015.0,224.08,2.324,0.1052,0.047,Shelling
128.0,60.49,3.857,0.4609,0.005,Cracks-Scratches
2083.5,216.53,2.9,0.1013,0.048,Shelling
124.5,59.9,3.857,0.49,0.005,Cracks-Scratches
1916.5,208.38,3.4,0.1085,0.045,Shelling
127.0,58.49,3.714,0.4646,0.005,Cracks-Scratches
2143.5,221.21,0.333,0.1012,0.049,Shelling
148.0,58.49,0.32,0.3986,0.005,Cracks-Scratches
2068.0,225.54,0.477,0.1006,0.048,Shelling
165.5,61.21,0.423,0.3686,0.006,Cracks-Scratches
1990.5,219.9,0.284,0.1095,0.046,Shelling
158.0,65.66,0.241,0.4114,0.006,Cracks-Scratches
2121.5,226.73,0.286,0.1061,0.049,Shelling
180.5,67.07,0.276,0.3712,0.006,Cracks-Scratches
2035.0,223.66,0.267,0.1096,0.047,Shelling
161.5,65.07,0.241,0.4149,0.006,Cracks-Scratches
2140.5,226.73,3.5,0.1056,0.049,Shelling
120.0,58.49,4.5,0.5,0.005,Cracks-Scratches
2089.0,222.97,3.333,0.1048,0.048,Shelling
127.0,58.49,3.714,0.4724,0.005,Cracks-Scratches
2080.5,223.84,0.414,0.1024,0.048,Shelling
96.5,58.73,0.259,0.5907,0.004,Cracks-Scratches
148.5,61.56,0.333,0.4175,0.005,Cracks-Scratches
2210.0,224.63,3.407,0.1018,0.05,Shelling
130.5,61.9,4.0,0.4674,0.005,Cracks-Scratches
2172.0,225.46,3.0,0.1022,0.05,Shelling
143.0,60.49,3.857,0.4266,0.005,Cracks-Scratches
2069.5,227.78,2.3,0.1034,0.048,Shelling
127.5,55.9,3.0,0.4314,0.005,Cracks-Scratches
2184.0,238.77,3.097,0.1062,0.05,Shelling
170.5,69.07,4.429,0.3988,0.006,Cracks-Scratches
2252.0,230.97,0.29,0.1012,0.051,Shelling
140.0,65.31,0.233,0.4714,0.005,Cracks-Scratches
2192.0,233.8,0.277,0.1063,0.05,Shelling
136.0,59.66,0.269,0.4412,0.005,Cracks-Scratches
2153.5,227.9,3.5,0.1054,0.049,Shelling
146.0,60.49,3.857,0.4315,0.005,Cracks-Scratches
2187.5,231.36,0.374,0.1024,0.05,Shelling
149.0,62.49,0.25,0.4161,0.006,Cracks-Scratches
2369.0,238.63,0.281,0.1,0.053,Shelling
142.5,62.73,0.286,0.4281,0.005,Cracks-Scratches
2204.0,240.23,0.473,0.1025,0.05,Shelling
170.5,64.73,0.321,0.3695,0.006,Cracks-Scratches
2148.0,230.97,0.277,0.1061,0.049,Shelling
134.5,61.9,0.25,0.4684,0.005,Cracks-Scratches
2253.0,237.25,2.939,0.1012,0.051,Shelling
138.0,59.31,3.857,0.4348,0.005,Cracks-Scratches
2479.0,258.71,0.446,0.0968,0.055,Shelling
203.0,71.8,0.4,0.3448,0.007,Cracks-Scratches
2425.5,245.56,3.885,0.0994,0.055,Shelling
163.0,75.31,5.0,0.454,0.006,Cracks-Scratches
2359.0,245.25,3.156,0.1017,0.053,Shelling
167.5,63.9,3.5,0.3761,0.006,Cracks-Scratches
2364.0,238.28,3.065,0.0981,0.053,Shelling
186.5,69.9,3.875,0.3753,0.007,Cracks-Scratches
2308.0,240.43,3.094,0.1001,0.052,Shelling
169.5,69.9,3.875,0.4071,0.006,Cracks-Scratches
2282.0,245.4,0.417,0.1017,0.052,Shelling
165.0,63.8,0.357,0.3879,0.006,Cracks-Scratches
2361.0,242.14,0.278,0.1012,0.053,Shelling
141.0,60.49,0.259,0.4326,0.005,Cracks-Scratches
2236.0,235.46,3.167,0.1033,0.051,Shelling
151.5,63.9,3.5,0.4224,0.006,Cracks-Scratches
2191.0,235.31,0.26,0.1068,0.05,Shelling
152.0,74.49,0.206,0.4737,0.006,Cracks-Scratches
2715.0,269.8,0.243,0.0987,0.06,Shelling
167.0,62.49,0.346,0.3713,0.006,Cracks-Scratches
2726.5,270.81,2.846,0.0935,0.06,Shelling
163.0,63.31,3.0,0.3742,0.006,Cracks-Scratches
2711.0,275.54,2.143,0.0937,0.06,Shelling
141.0,60.97,3.0,0.4255,0.005,Cracks-Scratches
2835.0,278.43,0.321,0.0949,0.062,Shelling
196.5,65.07,0.333,0.3308,0.007,Cracks-Scratches
2667.0,274.28,0.239,0.102,0.059,Shelling
132.5,59.07,0.269,0.4453,0.005,Cracks-Scratches
2749.5,272.81,3.054,0.096,0.06,Shelling
126.5,57.07,3.571,0.4427,0.005,Cracks-Scratches
2650.5,260.53,3.759,0.0973,0.059,Shelling
159.0,62.49,3.375,0.3962,0.006,Cracks-Scratches
2628.5,260.04,4.037,0.097,0.058,Shelling
127.5,59.07,3.714,0.4627,0.005,Cracks-Scratches
2882.5,290.04,0.215,0.0992,0.063,Shelling
130.0,59.31,0.259,0.4615,0.005,Cracks-Scratches
2927.0,287.4,2.568,0.0929,0.064,Shelling
136.5,58.73,3.25,0.4396,0.005,Cracks-Scratches
2873.0,280.97,4.615,0.0968,0.063,Shelling
135.0,60.49,3.857,0.4444,0.005,Cracks-Scratches
2923.5,288.61,2.26,0.0913,0.063,Shelling
148.5,63.56,3.111,0.4108,0.006,Cracks-Scratches
2875.0,282.77,0.244,0.097,0.063,Shelling
174.5,61.56,0.333,0.3553,0.006,Cracks-Scratches
2800.5,275.21,4.333,0.0971,0.061,Shelling
120.0,56.49,3.0,0.4583,0.005,Cracks-Scratches
2932.0,282.08,0.322,0.0928,0.064,Shelling
94.5,58.73,0.259,0.6138,0.004,Cracks-Scratches
2954.0,279.6,3.774,0.0931,0.064,Shelling
141.0,58.49,3.125,0.4184,0.005,Cracks-Scratches
121.0,56.49,3.571,0.4793,0.005,Cracks-Scratches
2723.0,279.8,0.224,0.1017,0.06,Shelling
134.5,61.07,0.259,0.461,0.005,Cracks-Scratches
3171.0,308.17,2.592,0.0902,0.068,Shelling
148.0,60.97,3.0,0.4257,0.005,Cracks-Scratches
3136.0,304.77,0.231,0.0947,0.067,Shelling
121.5,63.9,0.2,0.5185,0.005,Cracks-Scratches
3224.0,312.85,2.723,0.0909,0.069,Shelling
163.5,62.38,2.364,0.367,0.006,Cracks-Scratches
3061.0,298.63,0.224,0.096,0.066,Shelling
127.5,61.9,0.25,0.4863,0.005,Cracks-Scratches
2954.5,288.87,4.593,0.0968,0.064,Shelling
125.0,58.49,3.714,0.464,0.005,Cracks-Scratches
3152.0,305.88,0.305,0.0926,0.068,Shelling
154.0,60.14,0.346,0.3701,0.006,Cracks-Scratches
2992.0,298.02,2.574,0.0936,0.065,Shelling
167.0,65.8,2.545,0.3832,0.006,Cracks-Scratches
3267.0,303.6,3.6,0.0903,0.07,Shelling
178.5,68.38,3.0,0.3922,0.006,Cracks-Scratches
3185.0,294.63,0.228,0.0911,0.068,Shelling
180.0,66.14,0.31,0.3611,0.006,Cracks-Scratches
3402.0,335.14,0.377,0.0929,0.072,Shelling
182.0,68.63,0.414,0.3681,0.006,Cracks-Scratches
3236.5,313.36,0.207,0.0955,0.069,Shelling
133.5,57.9,0.32,0.427,0.005,Cracks-Scratches
3357.0,329.14,0.472,0.0897,0.071,Shelling
156.5,58.73,0.36,0.377,0.006,Cracks-Scratches
3409.0,316.77,0.204,0.0924,0.072,Shelling
127.5,59.9,0.259,0.4549,0.005,Cracks-Scratches
3270.0,319.11,4.893,0.0963,0.07,Shelling
116.0,57.66,3.571,0.4914,0.005,Cracks-Scratches
3255.5,320.75,2.415,0.0915,0.069,Shelling
144.5,61.56,3.0,0.4291,0.005,Cracks-Scratches
3211.5,312.87,0.211,0.0956,0.069,Shelling
140.5,59.9,0.308,0.4199,0.005,Cracks-Scratches
3323.5,329.58,0.426,0.0927,0.071,Shelling
152.0,64.14,0.321,0.4079,0.006,Cracks-Scratches
3502.5,328.95,0.309,0.0894,0.074,Shelling
152.0,58.97,0.346,0.3882,0.006,Cracks-Scratches
3539.5,328.67,4.833,0.093,0.074,Shelling
136.0,54.97,3.0,0.4191,0.005,Cracks-Scratches
3550.5,346.47,0.257,0.0944,0.075,Shelling
153.5,61.9,0.296,0.4104,0.006,Cracks-Scratches
3739.0,337.25,4.833,0.088,0.078,Shelling
107.5,56.73,3.714,0.5116,0.004,Cracks-Scratches
3617.5,341.36,0.199,0.0932,0.076,Shelling
154.5,60.73,0.346,0.3883,0.006,Cracks-Scratches
3545.0,350.57,0.231,0.0968,0.075,Shelling
148.5,59.56,0.346,0.404,0.005,Cracks-Scratches
3700.5,345.1,2.712,0.087,0.077,Shelling
134.5,57.07,3.571,0.4164,0.005,Cracks-Scratches
3741.0,342.51,3.0,0.0866,0.078,Shelling
146.0,56.97,2.3,0.3699,0.005,Cracks-Scratches
3553.5,343.84,0.197,0.0968,0.075,Shelling
158.0,61.31,0.346,0.3861,0.006,Cracks-Scratches
3603.0,346.08,0.211,0.0952,0.075,Shelling
121.0,55.31,0.333,0.4545,0.005,Cracks-Scratches
3828.0,365.62,0.432,0.088,0.079,Shelling
187.0,66.97,0.345,0.3529,0.007,Cracks-Scratches
3758.5,361.38,0.421,0.0894,0.078,Shelling
194.0,66.97,0.345,0.3402,0.007,Cracks-Scratches
3779.0,350.85,3.311,0.0894,0.078,Shelling
141.5,59.56,2.5,0.4028,0.005,Cracks-Scratches
3676.5,349.84,4.75,0.0933,0.077,Shelling
131.0,57.31,3.125,0.4427,0.005,Cracks-Scratches
3793.5,357.84,0.211,0.0928,0.079,Shelling
145.5,59.07,0.32,0.4055,0.005,Cracks-Scratches
3685.0,348.23,0.242,0.0936,0.077,Shelling
152.5,61.56,0.333,0.3934,0.006,Cracks-Scratches
187.5,64.73,0.321,0.3413,0.007,Cracks-Scratches
3719.0,358.43,0.209,0.0952,0.077,Shelling
126.0,58.14,0.308,0.4762,0.005,Cracks-Scratches
3833.0,347.6,5.033,0.089,0.079,Shelling
154.0,58.49,3.125,0.3896,0.006,Cracks-Scratches
3790.0,365.2,0.241,0.0942,0.079,Shelling
160.0,58.97,0.4,0.3688,0.006,Cracks-Scratches
128.5,54.73,0.333,0.428,0.005,Cracks-Scratches
3842.5,357.5,5.233,0.0921,0.079,Shelling
152.5,60.73,3.375,0.4,0.006,Cracks-Scratches
3817.0,378.51,0.306,0.0946,0.079,Shelling
167.5,63.9,0.286,0.3821,0.006,Cracks-Scratches
3711.5,365.5,0.195,0.0978,0.077,Shelling
123.5,59.9,0.308,0.4777,0.005,Cracks-Scratches
4059.5,372.33,0.217,0.0889,0.083,Shelling
190.5,66.38,0.357,0.3465,0.007,Cracks-Scratches
3779.5,371.04,2.492,0.0913,0.078,Shelling
115.5,53.9,3.429,0.4502,0.004,Cracks-Scratches
3823.5,368.95,0.247,0.0931,0.079,Shelling
147.0,61.8,0.37,0.415,0.005,Cracks-Scratches
3870.5,365.5,5.161,0.094,0.08,Shelling
132.5,57.9,3.125,0.4302,0.005,Cracks-Scratches
4058.0,370.08,0.194,0.0899,0.083,Shelling
204.0,67.8,0.379,0.3284,0.007,Cracks-Scratches
4161.5,401.87,0.331,0.0916,0.085,Shelling
146.0,56.97,0.478,0.3767,0.005,Cracks-Scratches
4112.0,375.25,5.258,0.0895,0.084,Shelling
136.0,58.14,2.778,0.4338,0.005,Cracks-Scratches
3950.0,383.74,0.19,0.0957,0.081,Shelling
122.0,53.31,0.348,0.4426,0.005,Cracks-Scratches
3975.0,384.08,0.192,0.0943,0.082,Shelling
138.0,60.14,0.296,0.4565,0.005,Cracks-Scratches
4270.5,382.67,0.186,0.0887,0.087,Shelling
146.0,60.14,0.346,0.4041,0.005,Cracks-Scratches
4130.0,389.62,0.331,0.0891,0.084,Shelling
164.5,58.38,0.522,0.3465,0.006,Cracks-Scratches
3858.5,374.67,5.5,0.0946,0.08,Shelling
121.5,53.07,3.286,0.4362,0.005,Cracks-Scratches
4009.0,385.76,2.364,0.0873,0.082,Shelling
124.5,55.07,3.429,0.4257,0.005,Cracks-Scratches
4301.5,387.58,3.3,0.0867,0.087,Shelling
138.0,56.49,3.0,0.3986,0.005,Cracks-Scratches
4307.0,389.74,0.182,0.0894,0.087,Shelling
159.0,60.14,0.346,0.3836,0.006,Cracks-Scratches
4096.0,394.31,0.317,0.0913,0.084,Shelling
121.5,54.24,0.304,0.4444,0.005,Cracks-Scratches
3983.5,386.33,0.183,0.0964,0.082,Shelling
117.0,53.31,0.348,0.453,0.005,Cracks-Scratches
4099.0,384.23,5.419,0.0939,0.084,Shelling
120.5,53.9,2.875,0.4398,0.005,Cracks-Scratches
4020.5,381.64,5.25,0.095,0.083,Shelling
109.5,55.07,2.875,0.484,0.004,Cracks-Scratches
4158.5,394.47,5.0,0.094,0.085,Shelling
122.5,54.73,3.0,0.4408,0.005,Cracks-Scratches
4105.5,383.72,2.69,0.0877,0.084,Shelling
135.0,56.49,3.0,0.4148,0.005,Cracks-Scratches
4280.0,389.54,0.208,0.0902,0.087,Shelling
151.5,57.56,0.417,0.3828,0.006,Cracks-Scratches
4434.5,407.98,0.192,0.0909,0.089,Shelling
131.5,54.73,0.391,0.4259,0.005,Cracks-Scratches
4426.0,405.4,0.199,0.0888,0.089,Shelling
146.5,58.73,0.36,0.3959,0.005,Cracks-Scratches
4292.0,405.82,0.288,0.0897,0.087,Shelling
145.0,59.8,0.44,0.4207,0.005,Cracks-Scratches
4396.5,404.21,2.877,0.0871,0.089,Shelling
131.5,56.73,3.125,0.4259,0.005,Cracks-Scratches
4442.0,395.2,0.253,0.0858,0.089,Shelling
183.5,64.38,0.462,0.3488,0.006,Cracks-Scratches
4132.5,398.81,0.197,0.0951,0.084,Shelling
123.0,55.31,0.333,0.4472,0.005,Cracks-Scratches
4313.5,387.44,3.837,0.0876,0.087,Shelling
124.0,50.97,2.1,0.4032,0.005,Cracks-Scratches
4341.5,396.61,0.268,0.0873,0.088,Shelling
163.5,60.73,0.346,0.3731,0.006,Cracks-Scratches
4436.5,405.98,0.206,0.0899,0.089,Shelling
139.0,58.14,0.36,0.4101,0.005,Cracks-Scratches
4313.5,401.64,0.2,0.0918,0.087,Shelling
121.5,58.73,0.308,0.4774,0.005,Cracks-Scratches
4291.5,410.35,2.569,0.0892,0.087,Shelling
135.5,57.9,3.125,0.428,0.005,Cracks-Scratches
4198.5,390.41,3.408,0.0879,0.085,Shelling
143.5,56.38,2.091,0.3763,0.005,Cracks-Scratches
4459.0,409.48,0.312,0.0884,0.09,Shelling
160.0,61.31,0.346,0.375,0.006,Cracks-Scratches
4362.0,383.82,3.196,0.0844,0.088,Shelling
160.5,57.21,1.692,0.3427,0.006,Cracks-Scratches
4374.5,412.81,0.194,0.093,0.088,Shelling
131.0,56.14,0.375,0.4275,0.005,Cracks-Scratches
4519.5,405.64,0.203,0.0876,0.091,Shelling
157.0,62.14,0.333,0.3885,0.006,Cracks-Scratches
5300.5,440.67,5.758,0.0811,0.103,Shelling
156.0,56.14,2.667,0.3654,0.006,Cracks-Scratches
5567.5,491.44,5.425,0.0866,0.107,Shelling
139.5,53.56,2.2,0.3799,0.005,Cracks-Scratches
5694.5,473.64,5.605,0.082,0.109,Shelling
118.0,50.14,2.333,0.4153,0.004,Cracks-Scratches
5419.0,462.08,0.187,0.0902,0.104,Shelling
113.5,50.73,0.364,0.467,0.004,Cracks-Scratches
5416.0,468.51,0.248,0.0825,0.105,Shelling
106.0,51.31,0.304,0.5,0.004,Cracks-Scratches
5057.0,493.34,0.174,0.0959,0.1,Shelling
133.0,54.14,0.333,0.406,0.005,Cracks-Scratches
5845.0,492.02,0.206,0.0813,0.111,Shelling
137.5,54.73,0.391,0.3927,0.005,Cracks-Scratches
5735.0,491.97,0.281,0.0818,0.11,Shelling
147.0,58.49,0.32,0.4014,0.005,Cracks-Scratches
6055.5,498.47,0.164,0.0806,0.115,Shelling
157.5,58.38,0.417,0.3683,0.006,Cracks-Scratches
6336.0,527.22,0.32,0.0786,0.119,Shelling
115.0,45.8,0.706,0.4348,0.004,Cracks-Scratches
6363.5,503.64,0.175,0.0776,0.119,Shelling
117.5,47.56,0.45,0.4085,0.004,Cracks-Scratches
6436.5,517.58,4.592,0.0781,0.12,Shelling
109.0,52.14,2.444,0.4771,0.004,Cracks-Scratches
6458.5,532.63,0.321,0.0782,0.12,Shelling
114.0,46.97,0.611,0.4298,0.004,Cracks-Scratches
6341.5,518.49,3.379,0.077,0.119,Shelling
107.5,48.38,2.0,0.4744,0.004,Cracks-Scratches
6520.0,525.2,0.183,0.0788,0.122,Shelling
108.5,52.38,0.391,0.4885,0.004,Cracks-Scratches
6291.5,510.12,0.155,0.0809,0.118,Shelling
124.5,53.56,0.455,0.4096,0.005,Cracks-Scratches
6372.0,511.34,5.114,0.0785,0.119,Shelling
108.0,50.14,2.333,0.4537,0.004,Cracks-Scratches
6387.0,522.02,0.183,0.08,0.12,Shelling
83.0,41.31,0.471,0.494,0.003,Cracks-Scratches
2272.5,285.15,0.219,0.1219,0.052,Shelling
292.0,129.66,0.097,0.4418,0.01,Cracks-Scratches
2255.5,281.15,4.5,0.121,0.052,Shelling
353.5,155.07,12.5,0.4385,0.012,Cracks-Scratches
227.0,100.83,7.833,0.4449,0.008,Cracks-Scratches
2290.5,295.15,4.75,0.1253,0.052,Shelling
378.0,144.49,8.5,0.3757,0.012,Cracks-Scratches
2406.5,299.84,6.619,0.123,0.055,Shelling
2366.5,298.35,1.983,0.1162,0.054,Shelling
351.0,145.25,3.421,0.3818,0.012,Cracks-Scratches
306.5,128.18,3.353,0.385,0.01,Cracks-Scratches
2453.0,294.71,0.242,0.1174,0.055,Shelling
315.0,156.49,0.093,0.4921,0.011,Cracks-Scratches
2421.5,306.07,2.933,0.121,0.055,Shelling
297.0,131.11,4.692,0.4242,0.01,Cracks-Scratches
2257.5,287.24,2.63,0.1192,0.052,Shelling
389.0,144.77,4.125,0.3522,0.013,Cracks-Scratches
242.5,111.21,5.2,0.4412,0.009,Cracks-Scratches
2327.0,292.57,0.203,0.1233,0.053,Shelling
235.5,112.24,0.113,0.4713,0.008,Cracks-Scratches
2577.5,300.95,0.244,0.1125,0.058,Shelling
509.0,162.08,0.329,0.2908,0.016,Cracks-Scratches
2449.0,297.94,0.162,0.1209,0.055,Shelling
562.5,158.38,0.164,0.2756,0.017,Cracks-Scratches
2459.0,301.05,0.23,0.1196,0.055,Shelling
302.0,144.83,0.087,0.4768,0.011,Cracks-Scratches
273.0,109.31,0.14,0.3919,0.009,Cracks-Scratches
2431.0,304.08,5.56,0.1218,0.055,Shelling
511.0,163.6,4.111,0.3033,0.016,Cracks-Scratches
396.0,136.28,4.429,0.3283,0.013,Cracks-Scratches
2475.0,297.88,4.156,0.1168,0.056,Shelling
485.0,166.91,3.364,0.3155,0.015,Cracks-Scratches
330.0,120.28,3.533,0.3394,0.011,Cracks-Scratches
2405.5,295.15,4.552,0.1189,0.055,Shelling
438.0,153.66,8.875,0.347,0.014,Cracks-Scratches
2481.5,305.24,2.745,0.1157,0.056,Shelling
500.0,165.46,5.429,0.318,0.015,Cracks-Scratches
2686.5,308.12,0.248,0.1124,0.06,Shelling
496.5,156.73,0.122,0.3021,0.015,Cracks-Scratches
2504.5,296.47,0.233,0.1154,0.056,Shelling
428.0,140.49,0.121,0.3248,0.014,Cracks-Scratches
2471.5,293.64,0.227,0.1161,0.056,Shelling
657.5,160.38,0.178,0.2388,0.019,Cracks-Scratches
2448.5,296.67,0.194,0.1176,0.055,Shelling
593.5,156.38,0.167,0.2561,0.017,Cracks-Scratches
2563.5,302.69,0.463,0.1092,0.057,Shelling
634.5,165.01,0.257,0.2443,0.018,Cracks-Scratches
2397.5,290.87,6.65,0.1201,0.054,Shelling
719.0,171.11,4.529,0.2253,0.02,Cracks-Scratches
2437.0,301.62,0.424,0.1149,0.055,Shelling
700.0,167.46,0.23,0.23,0.02,Cracks-Scratches
534.5,141.21,0.203,0.2619,0.016,Cracks-Scratches
2529.5,310.41,2.87,0.1146,0.057,Shelling
704.0,171.46,5.2,0.233,0.02,Cracks-Scratches
712.0,201.8,7.231,0.2753,0.021,Cracks-Scratches
2459.0,304.11,2.068,0.1151,0.055,Shelling
643.5,171.36,4.0,0.2533,0.019,Cracks-Scratches
530.5,144.87,4.333,0.262,0.016,Cracks-Scratches
2493.0,296.57,4.4,0.1175,0.056,Shelling
618.5,166.73,7.0,0.2652,0.018,Cracks-Scratches
618.5,193.07,10.111,0.3088,0.019,Cracks-Scratches
2793.5,312.33,0.182,0.1092,0.061,Shelling
946.5,235.3,0.301,0.2293,0.026,Cracks-Scratches
831.0,225.05,0.293,0.2479,0.023,Cracks-Scratches
2747.5,317.72,0.353,0.1103,0.061,Shelling
937.5,211.9,0.122,0.224,0.026,Cracks-Scratches
2690.5,311.1,3.4,0.1122,0.06,Shelling
1004.5,217.56,8.5,0.218,0.027,Cracks-Scratches
867.0,214.83,10.0,0.2468,0.024,Cracks-Scratches
723.5,175.9,7.364,0.2419,0.021,Cracks-Scratches
2802.5,317.72,0.363,0.1074,0.062,Shelling
827.5,205.56,0.113,0.2453,0.023,Cracks-Scratches
2657.5,304.12,3.971,0.1114,0.059,Shelling
665.5,202.73,10.778,0.3005,0.02,Cracks-Scratches
667.0,180.14,8.5,0.2669,0.019,Cracks-Scratches
965.5,231.7,8.538,0.2351,0.026,Cracks-Scratches
2961.5,321.3,0.239,0.106,0.064,Shelling
873.5,221.21,0.114,0.2473,0.024,Cracks-Scratches
2745.0,314.45,0.434,0.1056,0.06,Shelling
957.0,214.28,0.186,0.2163,0.026,Cracks-Scratches
2778.0,315.2,0.257,0.1109,0.061,Shelling
863.5,220.73,0.106,0.2513,0.024,Cracks-Scratches
2662.5,306.47,0.234,0.1115,0.059,Shelling
766.5,208.38,0.111,0.2661,0.022,Cracks-Scratches
567.5,177.56,0.119,0.3101,0.017,Cracks-Scratches
2881.0,319.54,3.917,0.1076,0.063,Shelling
826.0,223.46,8.917,0.2627,0.023,Cracks-Scratches
2807.0,315.88,0.243,0.109,0.062,Shelling
770.5,211.21,0.131,0.2661,0.022,Cracks-Scratches
671.5,224.87,0.111,0.3261,0.02,Cracks-Scratches
2891.5,324.61,0.257,0.1062,0.063,Shelling
790.0,214.63,0.118,0.2646,0.022,Cracks-Scratches
769.0,225.46,0.121,0.2861,0.022,Cracks-Scratches
3021.5,324.12,0.243,0.1016,0.065,Shelling
670.0,206.02,0.386,0.2731,0.02,Cracks-Scratches
764.0,223.34,0.385,0.2592,0.022,Cracks-Scratches
3166.5,351.32,0.462,0.1007,0.068,Shelling
902.5,234.18,0.165,0.2493,0.025,Cracks-Scratches
2774.5,310.33,4.793,0.1092,0.061,Shelling
907.0,223.94,6.562,0.2381,0.025,Cracks-Scratches
830.0,202.28,6.267,0.2349,0.023,Cracks-Scratches
3042.5,328.27,0.278,0.1039,0.066,Shelling
761.5,197.21,0.117,0.2548,0.022,Cracks-Scratches
2958.5,322.12,0.219,0.1051,0.064,Shelling
765.0,219.68,0.398,0.2575,0.022,Cracks-Scratches
532.5,166.81,0.342,0.2873,0.016,Cracks-Scratches
487.0,144.91,0.393,0.269,0.015,Cracks-Scratches
563.5,183.64,0.321,0.2999,0.017,Cracks-Scratches
2969.0,324.71,0.234,0.1071,0.065,Shelling
851.5,212.87,0.14,0.2419,0.024,Cracks-Scratches
640.5,182.38,0.141,0.2763,0.019,Cracks-Scratches
199.5,65.56,0.407,0.3258,0.007,Cracks-Scratches
216.0,66.49,2.7,0.3102,0.007,Cracks-Scratches
350.5,78.87,0.958,0.2225,0.011,Shelling
183.0,65.66,3.5,0.3552,0.007,Cracks-Scratches
221.5,81.56,4.111,0.3567,0.008,Cracks-Scratches
224.0,67.31,0.407,0.2902,0.008,Cracks-Scratches
195.0,64.83,0.346,0.3282,0.007,Cracks-Scratches
195.5,67.07,3.111,0.3325,0.007,Cracks-Scratches
196.5,62.73,0.385,0.3308,0.007,Cracks-Scratches
604.5,101.36,0.765,0.1737,0.017,Shelling
650.0,106.77,1.625,0.1662,0.018,Shelling
232.5,69.56,2.636,0.3054,0.008,Cracks-Scratches
655.0,111.6,1.64,0.1573,0.018,Shelling
219.0,70.97,2.417,0.3059,0.007,Cracks-Scratches
571.5,107.36,2.0,0.189,0.016,Shelling
298.0,73.8,1.867,0.2517,0.01,Cracks-Scratches
566.5,103.36,0.694,0.1924,0.016,Shelling
251.0,75.31,0.312,0.2988,0.008,Cracks-Scratches
605.0,102.43,1.214,0.1785,0.017,Shelling
260.0,75.31,3.2,0.3038,0.009,Cracks-Scratches
598.5,107.36,0.8,0.1788,0.017,Shelling
247.5,73.07,0.333,0.2949,0.008,Cracks-Scratches
581.5,104.67,0.829,0.1943,0.017,Shelling
253.5,75.07,0.323,0.2919,0.008,Cracks-Scratches
542.5,104.53,0.694,0.1899,0.016,Shelling
217.5,71.9,0.29,0.3264,0.007,Cracks-Scratches
2005.5,194.04,2.323,0.0942,0.046,Shelling
1038.0,137.94,1.714,0.1378,0.027,Shelling
286.5,88.73,3.455,0.3037,0.009,Cracks-Scratches
935.5,126.04,1.5,0.1336,0.025,Shelling
2107.5,198.38,2.25,0.093,0.048,Shelling
233.5,76.38,3.0,0.3255,0.008,Cracks-Scratches
2110.0,199.31,2.355,0.0938,0.048,Shelling
985.5,130.53,1.552,0.136,0.026,Shelling
254.5,87.56,3.455,0.3261,0.009,Cracks-Scratches
186.0,73.31,3.556,0.3763,0.007,Cracks-Scratches
1958.0,192.28,2.121,0.096,0.045,Shelling
1111.0,146.43,1.562,0.1314,0.028,Shelling
253.0,86.49,4.875,0.3478,0.009,Cracks-Scratches
1075.5,137.36,0.696,0.1302,0.028,Shelling
2218.5,203.36,0.5,0.0879,0.05,Shelling
341.0,98.77,0.439,0.2669,0.011,Cracks-Scratches
2173.0,208.91,1.829,0.0911,0.05,Shelling
1044.5,140.18,1.229,0.1292,0.027,Shelling
192.5,79.07,4.375,0.4052,0.007,Cracks-Scratches
951.5,132.04,0.622,0.1387,0.025,Shelling
1885.5,188.87,0.478,0.0992,0.044,Shelling
1918.5,187.56,0.456,0.0975,0.045,Shelling
952.5,132.53,0.667,0.1396,0.025,Shelling
2092.5,216.53,2.212,0.1018,0.048,Shelling
1003.5,136.87,1.679,0.1375,0.026,Shelling
263.5,86.38,3.083,0.315,0.009,Cracks-Scratches
159.5,105.07,10.2,0.6395,0.006,Cracks-Scratches
196.0,117.6,3.312,0.5459,0.007,Cracks-Scratches
246.0,128.28,5.0,0.4959,0.009,Cracks-Scratches
434.0,250.08,0.151,0.5438,0.015,Cracks-Scratches
337.5,235.44,0.292,0.6489,0.012,Cracks-Scratches
386.0,264.14,0.046,0.6425,0.014,Cracks-Scratches
681.5,296.87,13.091,0.4226,0.021,Cracks-Scratches
184.5,107.41,10.2,0.5799,0.007,Cracks-Scratches
77.0,92.83,0.065,1.1688,0.004,Cracks-Scratches
751.5,308.67,7.3,0.3925,0.023,Cracks-Scratches
272.0,143.46,5.583,0.4963,0.01,Cracks-Scratches
582.0,259.8,11.364,0.4381,0.018,Cracks-Scratches
718.5,292.87,10.0,0.3967,0.022,Cracks-Scratches
342.5,199.07,16.167,0.5577,0.012,Cracks-Scratches
193.0,136.49,0.076,0.6943,0.008,Cracks-Scratches
539.5,294.81,0.165,0.5116,0.018,Cracks-Scratches
667.0,285.25,7.105,0.4063,0.02,Cracks-Scratches
523.0,256.77,8.857,0.4665,0.017,Cracks-Scratches
265.5,136.38,7.222,0.5009,0.009,Cracks-Scratches
204.0,120.14,8.286,0.5735,0.008,Cracks-Scratches
651.5,298.55,0.326,0.4098,0.02,Cracks-Scratches
550.5,289.01,0.115,0.5068,0.018,Cracks-Scratches
103.5,103.07,0.1,0.8792,0.005,Cracks-Scratches
542.0,263.68,0.267,0.4336,0.017,Cracks-Scratches
523.5,250.27,0.283,0.4241,0.017,Cracks-Scratches
241.5,153.84,3.889,0.5756,0.009,Cracks-Scratches
247.0,164.49,0.075,0.6397,0.009,Cracks-Scratches
138.5,104.24,0.078,0.7509,0.006,Cracks-Scratches
177.5,117.07,0.088,0.6592,0.007,Cracks-Scratches
228.0,144.28,6.273,0.5877,0.009,Cracks-Scratches
270.5,174.53,6.385,0.5841,0.01,Cracks-Scratches
390.5,213.01,5.882,0.507,0.013,Cracks-Scratches
249.5,180.53,6.071,0.6774,0.01,Cracks-Scratches
292.5,202.53,6.857,0.6632,0.011,Cracks-Scratches
201.0,116.83,11.2,0.5771,0.008,Cracks-Scratches
252.5,138.24,13.4,0.5386,0.009,Cracks-Scratches
718.0,277.8,16.875,0.3774,0.022,Cracks-Scratches
438.0,206.49,16.667,0.4635,0.015,Cracks-Scratches
54.0,110.0,0.036,1.0556,0.004,Cracks-Scratches
100.5,109.41,0.056,1.0448,0.005,Cracks-Scratches
129.5,139.41,0.043,1.0347,0.006,Cracks-Scratches
454.5,220.04,8.75,0.4708,0.015,Cracks-Scratches
398.0,186.97,8.9,0.4573,0.013,Cracks-Scratches
303.5,201.07,0.051,0.6623,0.011,Cracks-Scratches
269.5,179.9,0.068,0.6494,0.01,Cracks-Scratches
219.0,183.66,0.044,0.7854,0.009,Cracks-Scratches
234.0,187.66,0.043,0.7692,0.009,Cracks-Scratches
434.5,192.18,4.889,0.4166,0.014,Cracks-Scratches
377.5,169.7,5.2,0.4265,0.013,Cracks-Scratches
291.0,153.8,7.3,0.4983,0.01,Cracks-Scratches
504.5,199.7,6.2,0.3786,0.016,Cracks-Scratches
468.5,196.53,5.688,0.3991,0.015,Cracks-Scratches
474.5,184.04,6.615,0.373,0.015,Cracks-Scratches
891.0,324.77,9.118,0.3535,0.026,Cracks-Scratches
532.0,203.46,8.083,0.3703,0.017,Cracks-Scratches
413.5,216.33,4.762,0.4861,0.014,Cracks-Scratches
408.5,177.15,3.435,0.399,0.013,Cracks-Scratches
369.0,164.91,3.524,0.4119,0.012,Cracks-Scratches
404.0,190.57,3.739,0.4282,0.013,Cracks-Scratches
228.5,168.24,0.048,0.7352,0.009,Cracks-Scratches
261.5,167.07,0.061,0.631,0.01,Cracks-Scratches
380.0,218.91,5.421,0.5342,0.013,Cracks-Scratches
351.0,212.08,5.556,0.5641,0.012,Cracks-Scratches
509.0,230.63,9.167,0.4401,0.016,Cracks-Scratches
347.0,198.14,0.083,0.5476,0.012,Cracks-Scratches
355.5,201.56,0.082,0.557,0.013,Cracks-Scratches
385.0,218.43,0.154,0.5403,0.013,Cracks-Scratches
453.5,224.53,0.131,0.4719,0.015,Cracks-Scratches
536.0,229.8,12.444,0.4198,0.017,Cracks-Scratches
468.0,220.08,0.196,0.4423,0.015,Cracks-Scratches
365.5,249.9,0.049,0.6347,0.013,Cracks-Scratches
425.5,85.9,1.938,0.2021,0.013,Discoloration
324.5,77.21,1.647,0.2342,0.01,Shelling
571.0,127.46,3.176,0.2137,0.017,Shelling
323.5,77.9,1.688,0.2318,0.01,Shelling
525.0,125.66,5.0,0.2381,0.016,Shelling
365.5,83.07,2.462,0.2326,0.011,Discoloration
465.0,90.49,0.485,0.1914,0.014,Discoloration
335.0,82.97,0.469,0.2418,0.011,Shelling
630.0,130.83,0.236,0.2079,0.018,Shelling
378.0,81.46,1.667,0.2222,0.012,Discoloration
522.0,126.43,2.7,0.228,0.015,Shelling
322.0,81.46,1.667,0.2422,0.01,Shelling
424.0,86.49,1.938,0.2028,0.013,Discoloration
331.5,78.73,1.75,0.2262,0.01,Shelling
533.5,124.38,3.857,0.2287,0.016,Shelling
377.5,84.38,1.824,0.2172,0.012,Shelling
608.0,126.28,2.737,0.2566,0.019,Shelling
628.5,128.87,3.0,0.3675,0.027,Shelling
353.5,82.24,2.385,0.232,0.011,Shelling
440.5,88.73,1.722,0.193,0.013,Discoloration
573.5,126.38,3.312,0.2127,0.017,Shelling
439.5,89.56,1.941,0.2025,0.013,Discoloration
336.5,86.04,1.632,0.2377,0.011,Shelling
619.0,136.28,3.222,0.21,0.018,Shelling
610.5,134.04,0.345,0.2097,0.018,Shelling
325.0,76.49,0.448,0.2431,0.01,Shelling
421.0,88.97,0.515,0.2067,0.013,Discoloration
344.5,81.56,0.484,0.2322,0.011,Shelling
384.0,83.66,0.452,0.2188,0.012,Discoloration
590.0,132.49,0.211,0.2254,0.017,Shelling
571.5,100.38,1.545,0.1732,0.016,Discoloration
1717.0,265.6,4.296,0.1485,0.042,Shelling
562.0,98.49,1.944,0.1762,0.016,Discoloration
1713.0,265.46,5.667,0.1524,0.042,Shelling
1509.5,266.41,0.431,0.1597,0.037,Shelling
621.0,104.28,0.667,0.1643,0.017,Discoloration
536.5,98.24,0.486,0.1827,0.016,Discoloration
1509.5,258.38,0.164,0.1683,0.038,Shelling
371.5,77.41,0.783,0.2073,0.011,Discoloration
1235.0,234.97,0.183,0.1862,0.032,Shelling
543.0,96.83,1.833,0.1805,0.016,Discoloration
1709.5,264.73,6.611,0.1538,0.042,Shelling
603.5,102.04,0.706,0.1624,0.017,Discoloration
1728.0,279.05,0.292,0.151,0.042,Shelling
575.5,103.7,0.667,0.1738,0.016,Discoloration
327.0,75.8,1.095,0.2324,0.01,Discoloration
598.5,102.87,0.639,0.1671,0.017,Discoloration
1619.0,273.82,0.416,0.1557,0.04,Shelling
533.5,91.56,0.759,0.1668,0.015,Discoloration
583.0,102.49,0.486,0.175,0.017,Discoloration
1899.5,268.38,0.167,0.139,0.045,Shelling
359.0,74.83,0.905,0.2117,0.011,Discoloration
184.0,54.83,1.143,0.2989,0.006,Shelling
777.0,116.49,1.952,0.148,0.021,Discoloration
2407.0,312.43,4.759,0.1263,0.055,Shelling
406.0,80.49,1.048,0.1946,0.012,Shelling
372.0,75.66,0.952,0.207,0.011,Discoloration
749.5,115.7,0.65,0.1454,0.02,Discoloration
613.5,103.7,0.735,0.163,0.017,Discoloration
2286.5,315.98,0.232,0.1312,0.053,Shelling
493.5,97.07,0.405,0.1966,0.015,Shelling
822.5,121.07,0.524,0.1459,0.022,Discoloration
2335.5,316.33,0.239,0.1319,0.053,Shelling
322.0,70.83,1.0,0.2205,0.01,Shelling
306.0,70.0,0.947,0.2288,0.01,Discoloration
690.0,111.66,1.95,0.1594,0.019,Discoloration
2284.5,322.81,4.029,0.1348,0.053,Shelling
771.5,115.9,0.55,0.1504,0.021,Discoloration
2313.5,310.04,0.153,0.131,0.053,Shelling
456.0,84.49,0.917,0.1864,0.014,Discoloration
302.5,68.24,1.056,0.2281,0.01,Shelling
448.0,97.31,0.432,0.2098,0.013,Shelling
721.5,114.24,0.5,0.1566,0.02,Discoloration
2304.0,306.08,0.197,0.1324,0.053,Shelling
394.5,79.41,0.826,0.2003,0.012,Discoloration
322.0,70.83,1.0,0.2236,0.01,Shelling
646.5,105.9,2.0,0.1671,0.018,Discoloration
2249.5,309.84,5.346,0.1343,0.052,Shelling
737.5,114.24,2.0,0.1546,0.02,Discoloration
2261.5,306.18,5.52,0.1318,0.052,Shelling
782.5,117.07,1.952,0.1508,0.021,Discoloration
2302.5,314.33,4.667,0.1307,0.053,Shelling
783.0,114.49,0.605,0.1443,0.021,Discoloration
392.5,78.24,1.0,0.1987,0.012,Shelling
496.0,87.66,0.88,0.1794,0.015,Discoloration
577.5,97.41,0.7,0.168,0.017,Discoloration
716.0,112.63,0.722,0.1508,0.02,Discoloration
344.0,75.31,1.05,0.2122,0.011,Shelling
526.5,92.38,0.889,0.1671,0.015,Discoloration
3004.5,363.64,0.241,0.1162,0.066,Shelling
372.0,75.66,1.05,0.2043,0.011,Shelling
731.0,111.66,0.595,0.1505,0.02,Discoloration
557.0,95.31,0.7,0.167,0.016,Discoloration
570.0,101.46,0.526,0.1754,0.016,Shelling
2971.0,348.08,0.188,0.1148,0.065,Shelling
841.5,122.73,0.548,0.1438,0.023,Discoloration
372.0,76.49,1.0,0.2016,0.011,Shelling
770.5,116.87,1.357,0.1428,0.021,Discoloration
643.5,105.21,1.185,0.1585,0.018,Discoloration
564.0,103.25,1.333,0.1738,0.016,Shelling
2555.0,363.91,2.179,0.1366,0.057,Shelling
389.5,77.07,1.0,0.1951,0.012,Shelling
669.5,109.41,0.541,0.1628,0.019,Discoloration
508.5,89.07,0.778,0.175,0.015,Discoloration
537.5,104.04,0.513,0.1842,0.016,Shelling
2857.0,338.91,0.218,0.1141,0.063,Shelling
825.0,121.66,0.524,0.1455,0.022,Discoloration
796.0,113.8,0.658,0.1394,0.022,Discoloration
373.5,76.73,1.048,0.2035,0.011,Shelling
464.5,86.24,0.769,0.183,0.014,Discoloration
2790.5,343.24,0.331,0.1143,0.062,Shelling
757.5,116.53,1.357,0.1452,0.021,Discoloration
2989.5,353.44,4.216,0.1117,0.065,Shelling
351.0,74.49,1.05,0.2108,0.011,Shelling
458.5,86.04,1.174,0.181,0.014,Discoloration
3030.5,362.27,3.854,0.1122,0.066,Shelling
803.0,119.94,1.267,0.142,0.022,Discoloration
460.5,84.04,1.13,0.1759,0.014,Discoloration
383.5,78.73,1.095,0.2008,0.012,Shelling
352.5,73.9,1.05,0.2043,0.011,Shelling
686.5,109.07,0.611,0.1588,0.019,Discoloration
509.5,91.41,0.714,0.1786,0.015,Discoloration
558.0,102.77,0.649,0.1756,0.016,Shelling
2683.5,350.27,0.291,0.1222,0.06,Shelling
509.0,88.14,0.96,0.1729,0.015,Shelling
977.0,134.28,0.562,0.131,0.026,Discoloration
1339.5,162.87,0.508,0.1165,0.033,Discoloration
607.5,105.56,0.45,0.1695,0.017,Shelling
1148.5,149.21,1.963,0.1263,0.029,Discoloration
649.0,110.97,2.211,0.168,0.018,Shelling
698.5,106.73,1.192,0.1489,0.019,Shelling
830.5,118.73,1.667,0.1397,0.022,Discoloration
572.5,94.38,0.963,0.1642,0.016,Shelling
634.5,110.73,2.529,0.1734,0.018,Shelling
785.5,118.53,1.393,0.1439,0.021,Discoloration
1197.0,155.25,1.543,0.122,0.03,Discoloration
692.0,117.11,0.523,0.1618,0.019,Shelling
508.0,90.49,0.92,0.1732,0.015,Shelling
900.0,128.83,0.5,0.1422,0.024,Discoloration
1165.0,150.49,0.436,0.1279,0.03,Discoloration
497.5,89.41,0.808,0.1789,0.015,Discoloration
607.5,99.9,1.208,0.1613,0.017,Shelling
632.0,111.46,1.739,0.1693,0.018,Shelling
781.5,117.07,1.952,0.1497,0.021,Discoloration
1172.0,152.83,2.591,0.1297,0.03,Discoloration
1243.0,156.83,0.397,0.1255,0.031,Discoloration
643.0,111.11,0.561,0.1649,0.018,Shelling
566.0,94.49,0.889,0.1678,0.016,Shelling
906.5,128.24,0.489,0.1401,0.024,Discoloration
907.5,125.21,0.533,0.1366,0.024,Shelling
753.0,121.46,0.545,0.1541,0.021,Shelling
571.5,95.07,0.962,0.1645,0.016,Shelling
941.0,131.66,0.511,0.1382,0.025,Discoloration
1496.5,171.9,0.406,0.1136,0.037,Discoloration
604.0,101.31,1.304,0.1656,0.017,Shelling
1061.0,137.66,0.5,0.1301,0.027,Discoloration
481.0,86.83,0.917,0.1809,0.014,Shelling
612.5,107.7,0.55,0.1682,0.017,Shelling
1310.0,158.49,0.431,0.1191,0.033,Discoloration
939.5,133.9,0.458,0.1405,0.025,Discoloration
654.5,113.84,1.429,0.1589,0.018,Shelling
1390.5,166.87,2.138,0.1151,0.034,Discoloration
624.5,99.56,1.037,0.1553,0.018,Shelling
759.0,113.8,1.625,0.1462,0.021,Discoloration
1300.5,149.9,1.926,0.1153,0.032,Discoloration
1011.5,126.38,1.3,0.1246,0.026,Shelling
1740.5,183.56,2.233,0.1028,0.041,Discoloration
1183.0,153.94,2.071,0.1243,0.03,Shelling
2241.0,218.63,2.833,0.0955,0.051,Shelling
1631.5,178.73,0.424,0.1073,0.039,Discoloration
1247.5,149.07,0.5,0.1178,0.031,Discoloration
1305.5,163.36,0.569,0.1187,0.033,Shelling
2285.0,214.91,0.444,0.0906,0.052,Shelling
914.5,118.73,0.778,0.1684,0.025,Shelling
1718.5,184.04,2.094,0.1042,0.041,Discoloration
1331.0,153.11,1.576,0.1119,0.033,Discoloration
926.5,119.21,1.2,0.1274,0.024,Shelling
2344.0,219.88,1.778,0.0883,0.053,Shelling
1567.5,190.47,1.523,0.1065,0.038,Shelling
1525.0,174.83,0.385,0.1148,0.037,Discoloration
2292.5,207.84,0.474,0.0872,0.052,Shelling
1305.5,151.07,0.519,0.1149,0.033,Discoloration
1298.5,160.18,0.579,0.1171,0.032,Shelling
980.5,125.9,0.737,0.1265,0.026,Shelling
1849.0,195.11,2.029,0.1011,0.043,Discoloration
1272.5,148.87,1.562,0.1132,0.032,Discoloration
2291.5,225.78,1.761,0.0916,0.052,Shelling
940.5,120.38,1.2,0.1276,0.025,Shelling
1407.5,170.95,1.452,0.1272,0.035,Shelling
2269.0,212.02,0.603,0.0859,0.051,Shelling
1359.0,158.28,0.623,0.1133,0.034,Discoloration
979.0,126.97,0.789,0.1267,0.026,Shelling
1888.5,199.7,0.466,0.1022,0.044,Discoloration
1167.5,153.15,0.765,0.1216,0.03,Shelling
1211.5,143.56,1.655,0.1156,0.031,Discoloration
986.5,123.9,1.276,0.1247,0.026,Shelling
2260.5,211.78,1.86,0.0894,0.051,Shelling
1669.0,182.63,2.429,0.1072,0.04,Discoloration
1492.0,182.57,1.692,0.1133,0.036,Shelling
2648.0,244.43,0.317,0.0921,0.058,Discoloration
1211.0,138.97,0.721,0.1156,0.03,Shelling
987.5,125.9,0.718,0.1256,0.026,Discoloration
4710.0,394.23,0.28,0.0805,0.094,Shelling
3611.5,320.53,0.282,0.0861,0.075,Discoloration
1275.0,141.94,0.778,0.109,0.032,Shelling
976.0,127.46,0.707,0.127,0.025,Discoloration
2838.0,262.71,0.426,0.0877,0.062,Discoloration
4858.5,396.53,0.201,0.0801,0.096,Shelling
2864.5,268.75,0.486,0.0876,0.062,Discoloration
1219.5,140.87,0.878,0.1115,0.031,Shelling
4463.0,389.88,0.276,0.0842,0.09,Shelling
1043.5,132.87,0.738,0.1217,0.027,Discoloration
1276.0,140.63,1.265,0.1082,0.032,Shelling
1054.5,129.56,1.414,0.1214,0.027,Discoloration
2795.0,258.28,3.419,0.0909,0.061,Discoloration
2415.0,230.97,0.36,0.0936,0.054,Discoloration
1357.5,146.73,0.696,0.1083,0.034,Shelling
990.5,127.9,0.659,0.1282,0.026,Discoloration
2809.0,244.97,0.366,0.0854,0.061,Discoloration
1142.5,136.24,0.69,0.119,0.029,Discoloration
4421.0,344.77,0.248,0.0762,0.089,Shelling
702.0,108.14,1.269,0.1026,0.019,Shelling
2884.5,257.01,0.314,0.0874,0.063,Discoloration
1257.5,141.21,0.711,0.1105,0.031,Shelling
970.5,125.56,0.659,0.1278,0.025,Discoloration
4943.0,404.91,0.247,0.0742,0.097,Shelling
2550.5,241.3,2.114,0.0902,0.057,Discoloration
1337.5,146.38,1.257,0.1069,0.033,Shelling
1035.5,127.56,1.379,0.1217,0.027,Discoloration
4653.0,382.08,4.824,0.0799,0.093,Shelling
2783.0,250.77,2.553,0.087,0.061,Discoloration
1256.5,140.38,1.375,0.109,0.031,Shelling
5054.0,377.94,4.417,0.0736,0.099,Shelling
1077.0,132.49,1.5,0.1207,0.028,Discoloration
1236.5,138.87,0.833,0.1092,0.031,Shelling
2857.5,268.61,0.456,0.0878,0.062,Discoloration
986.0,126.28,0.775,0.1207,0.026,Discoloration
5030.0,405.4,0.238,0.0777,0.099,Shelling
287.0,76.14,0.433,0.2787,0.009,Shelling
277.5,74.73,0.448,0.2811,0.009,Shelling
264.5,73.56,2.5,0.2798,0.009,Shelling
340.5,188.38,10.111,0.5228,0.012,Cracks-Scratches
559.5,244.53,8.357,0.4147,0.018,Cracks-Scratches
299.5,78.18,1.579,0.2638,0.01,Shelling
325.5,85.01,1.524,0.2519,0.01,Shelling
293.5,76.04,1.647,0.2589,0.009,Shelling
279.0,75.8,0.419,0.276,0.009,Shelling
265.0,68.97,0.6,0.2642,0.009,Shelling
325.0,80.63,0.424,0.2708,0.01,Shelling
354.0,82.97,0.469,0.2486,0.011,Shelling
1439.5,227.84,4.0,0.1514,0.036,Shelling
817.5,151.07,4.267,0.1835,0.022,Discoloration
1360.5,228.33,3.536,0.161,0.034,Shelling
865.0,158.14,3.941,0.1792,0.023,Discoloration
1528.5,237.36,0.243,0.1498,0.038,Shelling
937.0,160.83,0.221,0.1729,0.025,Discoloration
924.0,160.0,0.224,0.1732,0.025,Discoloration
1305.0,225.11,0.212,0.167,0.033,Shelling
1400.5,224.87,5.0,0.1549,0.035,Shelling
758.0,142.83,4.286,0.1887,0.021,Discoloration
1399.0,223.11,4.217,0.1537,0.035,Shelling
874.5,157.07,4.467,0.1795,0.024,Discoloration
1368.5,235.3,0.354,0.1608,0.034,Shelling
997.5,171.7,0.324,0.1654,0.026,Discoloration
1175.5,199.36,0.282,0.1608,0.03,Discoloration
1345.5,205.7,0.247,0.1479,0.034,Discoloration
1731.0,253.8,0.158,0.1438,0.042,Shelling
1188.5,189.36,3.16,0.1515,0.03,Discoloration
1690.5,252.38,5.947,0.1473,0.041,Shelling
1207.5,196.33,0.423,0.1499,0.031,Discoloration
1700.5,269.15,0.265,0.15,0.041,Shelling
1575.0,249.11,4.783,0.1549,0.039,Shelling
1338.5,207.9,5.294,0.1547,0.034,Discoloration
1394.5,206.73,0.202,0.1463,0.035,Discoloration
1800.5,254.87,0.195,0.1383,0.043,Shelling
1711.0,257.11,4.957,0.1455,0.041,Shelling
1246.5,195.07,4.941,0.1564,0.032,Discoloration
1405.0,209.66,0.187,0.148,0.035,Discoloration
1730.5,262.67,0.243,0.145,0.042,Shelling
1726.0,261.6,0.216,0.1472,0.042,Shelling
1307.5,208.24,0.178,0.1583,0.033,Discoloration
1620.5,264.67,4.72,0.1604,0.04,Shelling
1224.0,204.23,2.774,0.1569,0.031,Discoloration
2403.0,302.57,0.26,0.1215,0.055,Shelling
2225.5,278.73,0.161,0.1254,0.051,Discoloration
2350.5,297.64,0.262,0.1213,0.054,Shelling
2215.5,281.9,0.161,0.1259,0.051,Discoloration
2227.5,296.07,2.308,0.1203,0.051,Shelling
2176.0,284.23,3.758,0.1245,0.05,Discoloration
2446.0,300.23,0.269,0.1177,0.055,Shelling
2080.0,272.49,0.167,0.1298,0.049,Discoloration
2211.0,284.91,4.345,0.1253,0.051,Shelling
2211.0,281.94,5.25,0.1244,0.051,Discoloration
2361.5,313.1,3.0,0.1224,0.054,Shelling
2175.0,279.46,4.444,0.1251,0.05,Discoloration
2347.0,307.54,3.385,0.1236,0.054,Shelling
2172.0,272.14,5.364,0.1234,0.05,Discoloration
2102.5,285.5,4.0,0.1313,0.049,Shelling
2119.5,275.21,6.2,0.1288,0.049,Discoloration
2297.5,308.61,3.195,0.1267,0.053,Shelling
1955.0,261.8,5.524,0.1315,0.046,Discoloration
2901.5,345.32,1.943,0.1082,0.063,Shelling
2286.5,287.64,3.077,0.1176,0.052,Discoloration
2900.0,323.88,0.262,0.1076,0.063,Shelling
2588.5,299.56,0.176,0.114,0.058,Discoloration
2699.5,304.18,0.218,0.11,0.06,Discoloration
2945.0,330.43,0.215,0.1093,0.064,Shelling
2534.0,313.88,3.119,0.116,0.057,Discoloration
2709.0,323.6,5.333,0.1159,0.06,Shelling
2578.0,312.71,0.281,0.114,0.058,Discoloration
2798.5,324.87,0.16,0.1147,0.062,Shelling
2732.0,331.97,2.556,0.1109,0.06,Shelling
2414.5,291.5,3.647,0.116,0.055,Discoloration
2628.0,331.82,2.896,0.1161,0.059,Shelling
2485.5,292.87,4.5,0.1155,0.056,Discoloration
2666.0,319.05,3.605,0.1129,0.059,Shelling
2484.0,286.49,5.682,0.1147,0.056,Discoloration
2695.5,323.64,3.538,0.1143,0.06,Shelling
2465.0,290.49,6.048,0.1172,0.056,Discoloration
3708.0,351.74,0.2,0.093,0.077,Shelling
3420.5,345.15,0.248,0.0968,0.072,Discoloration
3443.0,342.97,0.18,0.0985,0.073,Discoloration
3582.5,356.61,0.296,0.0949,0.075,Shelling
3192.5,350.07,2.808,0.1018,0.069,Shelling
3634.0,370.77,5.724,0.0996,0.076,Discoloration
3335.0,353.2,0.291,0.1004,0.071,Shelling
3353.0,336.97,0.169,0.0993,0.071,Discoloration
3335.5,349.98,0.26,0.1001,0.071,Discoloration
3522.0,358.74,0.511,0.094,0.074,Shelling
3348.0,341.94,0.216,0.0992,0.071,Discoloration
3597.5,353.64,0.234,0.0948,0.075,Shelling
3420.5,343.84,0.212,0.0979,0.072,Discoloration
3587.0,353.4,0.219,0.0956,0.075,Shelling
3400.0,353.2,0.309,0.0988,0.072,Discoloration
3620.0,366.88,0.517,0.0936,0.076,Shelling
3881.0,352.91,4.371,0.0884,0.08,Shelling
4165.5,395.24,2.81,0.0879,0.085,Discoloration
3259.0,324.17,2.5,0.0917,0.069,Discoloration
3568.0,352.02,2.9,0.097,0.075,Shelling
4063.5,370.73,5.75,0.0906,0.083,Discoloration
3925.0,359.2,0.356,0.0828,0.081,Shelling
3780.0,355.8,0.174,0.0934,0.079,Discoloration
3444.0,337.66,0.171,0.0979,0.073,Discoloration
3840.0,359.97,0.461,0.0818,0.079,Shelling
3807.5,358.67,0.25,0.0911,0.079,Discoloration
3954.5,357.78,0.322,0.0877,0.081,Shelling
4149.0,370.97,0.186,0.0885,0.085,Discoloration
3612.0,342.57,4.257,0.093,0.076,Shelling
4282.5,403.04,3.018,0.0878,0.087,Discoloration
3786.5,362.07,3.0,0.0893,0.078,Discoloration
3730.0,347.4,3.372,0.089,0.078,Shelling
4063.0,410.77,5.966,0.0987,0.084,Discoloration
3977.5,361.78,0.318,0.0865,0.082,Shelling
3497.5,345.07,0.173,0.0981,0.074,Discoloration
3570.0,334.43,5.034,0.0916,0.075,Shelling
4452.5,430.89,3.76,0.0914,0.09,Discoloration
3704.0,354.37,3.432,0.091,0.077,Discoloration
3756.5,359.64,3.432,0.091,0.078,Discoloration
3091.0,287.11,3.471,0.0906,0.066,Shelling
3353.5,297.36,0.236,0.0874,0.071,Shelling
3306.5,295.7,0.248,0.0871,0.07,Shelling
3425.0,297.11,0.248,0.0847,0.072,Shelling
3181.5,294.04,4.31,0.0908,0.068,Shelling
3349.0,301.25,0.278,0.0884,0.071,Shelling
3167.0,290.28,3.935,0.09,0.068,Shelling
3366.0,297.46,0.248,0.0865,0.071,Shelling
5015.5,389.36,4.459,0.0764,0.098,Shelling
4731.5,387.5,4.15,0.0795,0.094,Shelling
4698.0,379.11,4.824,0.08,0.093,Shelling
4705.0,380.28,4.824,0.0803,0.093,Shelling
4649.5,388.61,3.417,0.0802,0.092,Shelling
5260.0,404.23,0.257,0.0745,0.102,Shelling
5217.5,409.64,0.281,0.0763,0.101,Shelling
5075.0,391.25,0.247,0.0755,0.099,Shelling
5014.0,390.91,0.262,0.0758,0.098,Shelling
271.5,74.24,2.636,0.2726,0.009,Shelling
677.0,228.14,12.0,0.3309,0.02,Cracks-Scratches
587.0,204.49,12.25,0.3458,0.018,Cracks-Scratches
330.5,81.9,0.364,0.2481,0.01,Shelling
626.0,223.6,0.162,0.3419,0.019,Cracks-Scratches
474.0,172.28,0.19,0.346,0.015,Cracks-Scratches
409.5,89.07,0.412,0.2149,0.012,Shelling
384.5,169.9,0.085,0.4343,0.013,Cracks-Scratches
361.0,84.14,2.133,0.2327,0.011,Shelling
687.5,226.33,4.727,0.3084,0.02,Cracks-Scratches
362.5,85.9,2.615,0.2372,0.011,Shelling
669.5,199.21,7.833,0.2898,0.02,Cracks-Scratches
543.5,165.56,7.8,0.3017,0.016,Cracks-Scratches
455.0,173.31,9.111,0.3736,0.015,Cracks-Scratches
302.5,80.24,2.909,0.2645,0.01,Shelling
606.5,209.9,12.625,0.3397,0.018,Cracks-Scratches
634.5,213.56,11.333,0.3294,0.019,Cracks-Scratches
332.0,84.14,2.133,0.244,0.011,Shelling
561.0,209.05,3.8,0.3422,0.017,Cracks-Scratches
563.0,186.08,4.0,0.3055,0.017,Cracks-Scratches
348.0,84.49,2.833,0.2471,0.011,Shelling
484.0,159.8,7.6,0.3202,0.015,Cracks-Scratches
266.0,73.66,2.333,0.2707,0.009,Shelling
662.5,220.73,11.778,0.3291,0.02,Cracks-Scratches
628.5,197.07,11.75,0.3134,0.019,Cracks-Scratches
760.5,245.56,10.636,0.3182,0.022,Cracks-Scratches
1052.5,211.36,0.223,0.1919,0.028,Shelling
968.0,201.11,0.198,0.2035,0.026,Shelling
879.0,201.8,0.14,0.2264,0.024,Shelling
918.5,206.53,0.181,0.2177,0.025,Shelling
949.0,194.63,0.146,0.2055,0.026,Shelling
502.0,126.49,0.2,0.251,0.015,Shelling
940.5,199.56,6.5,0.2095,0.026,Shelling
1019.5,204.53,0.22,0.1932,0.027,Shelling
1067.5,207.36,4.381,0.1874,0.028,Shelling
925.5,203.7,0.198,0.215,0.025,Shelling
1057.0,203.46,0.198,0.1883,0.028,Shelling
1236.0,216.97,0.175,0.1715,0.032,Shelling
220.0,84.14,0.306,0.3636,0.008,Cracks-Scratches
248.0,81.31,0.324,0.3185,0.008,Cracks-Scratches
1440.0,224.63,0.17,0.1576,0.036,Shelling
198.5,84.73,0.27,0.4131,0.007,Cracks-Scratches
135.0,66.83,0.2,0.4889,0.005,Cracks-Scratches
1333.5,228.27,2.35,0.156,0.034,Shelling
214.5,79.56,3.091,0.3497,0.007,Cracks-Scratches
183.5,59.56,1.917,0.327,0.006,Cracks-Scratches
1295.0,220.28,4.9,0.166,0.033,Shelling
278.5,113.9,7.571,0.3986,0.01,Cracks-Scratches
1325.0,221.94,0.224,0.163,0.034,Shelling
126.5,59.07,0.269,0.4664,0.005,Cracks-Scratches
217.5,77.41,0.242,0.354,0.008,Cracks-Scratches
1381.0,226.37,0.394,0.1499,0.035,Shelling
161.0,65.8,0.393,0.3851,0.006,Cracks-Scratches
1239.0,225.25,3.769,0.1719,0.032,Shelling
154.5,64.73,3.111,0.4013,0.006,Cracks-Scratches
257.5,94.87,2.667,0.3417,0.009,Cracks-Scratches
229.0,86.63,3.167,0.3624,0.008,Cracks-Scratches
1624.0,239.74,3.03,0.1392,0.04,Shelling
686.0,166.49,6.909,0.242,0.02,Cracks-Scratches
769.5,242.73,14.625,0.3106,0.022,Cracks-Scratches
1808.5,237.01,0.252,0.1266,0.043,Shelling
454.5,127.9,0.172,0.2794,0.014,Cracks-Scratches
315.0,139.66,0.108,0.4381,0.011,Cracks-Scratches
1860.5,255.84,0.252,0.1311,0.044,Shelling
596.5,225.78,0.323,0.342,0.018,Cracks-Scratches
682.0,164.91,0.338,0.2229,0.019,Cracks-Scratches
1477.0,234.71,2.829,0.1483,0.037,Shelling
579.0,149.46,5.308,0.247,0.017,Cracks-Scratches
601.0,201.8,9.6,0.3394,0.018,Cracks-Scratches
701.5,223.21,8.833,0.3108,0.021,Cracks-Scratches
1786.5,238.18,0.24,0.1282,0.043,Shelling
566.5,139.9,0.175,0.2471,0.017,Cracks-Scratches
365.0,140.49,0.121,0.3781,0.012,Cracks-Scratches
1437.0,233.88,2.912,0.1524,0.036,Shelling
700.0,232.63,11.0,0.3243,0.021,Cracks-Scratches
556.5,143.21,5.5,0.2534,0.016,Cracks-Scratches
788.5,236.04,9.333,0.293,0.023,Cracks-Scratches
724.5,177.7,5.4,0.2747,0.022,Cracks-Scratches
1791.5,244.41,0.465,0.125,0.043,Shelling
600.5,148.18,0.254,0.2365,0.017,Cracks-Scratches
586.0,213.6,0.194,0.3447,0.018,Cracks-Scratches
697.5,251.36,0.136,0.3455,0.021,Cracks-Scratches
1574.5,237.36,4.818,0.148,0.039,Shelling
575.5,145.56,6.091,0.2485,0.017,Cracks-Scratches
598.5,214.38,10.3,0.3492,0.018,Cracks-Scratches
567.5,178.73,8.4,0.3084,0.017,Cracks-Scratches
599.0,219.8,9.545,0.3573,0.018,Cracks-Scratches
2514.0,275.88,0.305,0.1046,0.056,Shelling
282.5,111.5,0.417,0.3752,0.009,Cracks-Scratches
300.5,99.84,0.488,0.3095,0.01,Cracks-Scratches
236.0,89.11,0.395,0.3559,0.008,Cracks-Scratches
2444.0,271.4,0.282,0.1072,0.055,Shelling
304.5,95.56,0.262,0.3021,0.01,Cracks-Scratches
312.0,114.63,0.231,0.3462,0.01,Cracks-Scratches
2412.0,267.6,0.22,0.1103,0.054,Shelling
282.5,92.87,0.385,0.3115,0.009,Cracks-Scratches
284.0,111.6,0.375,0.3768,0.01,Cracks-Scratches
2409.0,278.45,0.532,0.1079,0.054,Shelling
345.0,101.31,0.25,0.2928,0.011,Cracks-Scratches
329.5,119.56,0.204,0.349,0.011,Cracks-Scratches
2068.5,267.84,4.0,0.1257,0.048,Shelling
370.5,145.36,4.857,0.3671,0.012,Cracks-Scratches
304.0,92.97,3.333,0.2928,0.01,Cracks-Scratches
344.0,137.11,4.923,0.4128,0.012,Cracks-Scratches
2590.0,275.4,0.267,0.1031,0.058,Shelling
236.0,101.8,0.213,0.4195,0.008,Cracks-Scratches
277.5,91.21,0.3,0.3207,0.009,Cracks-Scratches
291.5,113.21,0.212,0.3774,0.01,Cracks-Scratches
2451.0,283.25,0.254,0.1122,0.055,Shelling
316.0,101.8,0.295,0.307,0.01,Cracks-Scratches
285.0,116.28,0.245,0.3825,0.01,Cracks-Scratches
274.0,101.8,0.267,0.3504,0.009,Cracks-Scratches
2223.0,278.45,1.982,0.1165,0.051,Shelling
345.0,98.49,4.3,0.2812,0.011,Cracks-Scratches
467.5,154.38,6.545,0.3166,0.015,Cracks-Scratches
2445.5,266.67,0.229,0.1063,0.055,Shelling
281.0,110.28,0.286,0.3665,0.01,Cracks-Scratches
332.5,97.21,0.31,0.2767,0.011,Cracks-Scratches
1873.5,273.84,4.692,0.143,0.045,Shelling
2498.0,293.94,0.2,0.1153,0.056,Shelling
2451.5,286.12,0.301,0.1114,0.055,Shelling
2173.0,290.11,0.475,0.1224,0.05,Shelling
1881.5,283.5,4.133,0.144,0.045,Shelling
2003.5,277.01,4.321,0.1343,0.047,Shelling
2141.0,284.17,2.644,0.1233,0.05,Shelling
1058.5,181.21,0.244,0.0945,0.028,Shelling
2253.0,293.11,0.176,0.1278,0.052,Shelling
1844.5,268.67,4.407,0.1399,0.044,Shelling
223.5,62.24,0.545,0.2774,0.008,Shelling
223.5,62.24,0.545,0.2774,0.008,Shelling
224.0,63.66,1.917,0.2857,0.008,Shelling
228.0,61.31,0.591,0.2719,0.008,Shelling
176.5,56.24,2.1,0.3173,0.006,Shelling
319.0,75.8,0.63,0.2414,0.01,Shelling
197.0,58.83,0.524,0.2995,0.007,Shelling
249.5,66.24,0.5,0.2685,0.008,Shelling
229.0,62.14,1.769,0.2751,0.008,Shelling
263.5,69.41,0.48,0.2657,0.009,Shelling
334.5,76.24,0.519,0.2302,0.011,Shelling
269.0,70.97,1.733,0.2565,0.009,Shelling
226.0,65.31,2.083,0.2876,0.008,Shelling
233.0,64.97,1.923,0.279,0.008,Shelling
309.0,75.31,0.556,0.246,0.01,Shelling
280.0,70.14,1.667,0.2464,0.009,Shelling
245.0,67.66,2.083,0.2776,0.008,Shelling
323.5,77.56,0.571,0.2349,0.01,Shelling
563.0,103.31,0.436,0.1812,0.016,Shelling
524.5,99.07,0.432,0.1907,0.015,Shelling
594.0,105.46,0.5,0.1684,0.017,Shelling
493.5,100.38,1.947,0.1925,0.015,Shelling
469.5,89.07,0.548,0.1917,0.014,Shelling
656.5,110.73,0.429,0.1691,0.018,Shelling
552.5,100.87,0.611,0.1792,0.016,Shelling
705.5,121.36,0.628,0.1588,0.02,Shelling
408.5,89.07,2.2,0.2154,0.012,Shelling
484.0,93.66,0.471,0.1921,0.014,Shelling
415.5,84.24,0.552,0.2022,0.013,Shelling
570.5,103.56,2.167,0.1788,0.016,Shelling
423.0,87.31,2.2,0.2128,0.013,Shelling
535.5,101.41,0.432,0.1886,0.016,Shelling
380.0,83.66,2.214,0.2211,0.012,Shelling
389.5,85.07,2.286,0.2182,0.012,Shelling
450.0,90.63,0.529,0.2,0.013,Shelling
548.5,100.73,2.235,0.1805,0.016,Shelling
465.5,91.07,0.485,0.1976,0.014,Shelling
658.0,115.31,2.444,0.1748,0.019,Shelling
699.0,116.28,0.5,0.1617,0.019,Shelling
698.0,119.31,2.368,0.1676,0.019,Shelling
881.0,133.31,0.365,0.1487,0.024,Shelling
717.0,120.63,0.489,0.1604,0.02,Shelling
694.5,117.07,2.647,0.1713,0.019,Shelling
708.0,123.66,3.062,0.1751,0.02,Shelling
612.5,115.9,3.133,0.1878,0.017,Shelling
737.5,116.38,0.488,0.1519,0.02,Shelling
1350.5,167.5,0.548,0.1148,0.033,Shelling
1350.0,162.14,0.387,0.1185,0.034,Shelling
1391.5,164.38,0.375,0.1179,0.034,Shelling
1192.0,160.14,2.864,0.1326,0.03,Shelling
1421.0,168.14,0.369,0.1175,0.035,Shelling
1341.5,162.38,0.381,0.1208,0.033,Shelling
1155.5,155.9,2.727,0.1324,0.03,Shelling
1339.0,165.4,0.516,0.118,0.033,Shelling
1226.0,158.77,1.781,0.1232,0.031,Shelling
4706.5,389.78,0.301,0.0786,0.093,Shelling
4665.0,394.57,0.22,0.0827,0.093,Shelling
4631.5,406.49,0.448,0.0801,0.092,Shelling
4151.0,381.25,4.771,0.0894,0.085,Shelling
4597.0,382.08,0.238,0.0809,0.092,Shelling
4597.5,385.3,0.29,0.0803,0.092,Shelling
4813.0,379.6,0.205,0.0775,0.095,Shelling
4647.5,401.72,2.897,0.0805,0.092,Shelling
4635.5,392.67,0.202,0.0831,0.092,Shelling
